INSERT INTO escola.MATRICULA (ID_MATRICULA, DATA_MATRICULA, ALUNO_ID, CURSO_ID) VALUES (1, TO_DATE('2025-07-2', 'YYYY-MM-DD'), 1, 2);
INSERT INTO escola.MATRICULA (ID_MATRICULA, DATA_MATRICULA, ALUNO_ID, CURSO_ID) VALUES (2, TO_DATE('2025-07-3', 'YYYY-MM-DD'), 2, 3);
INSERT INTO escola.MATRICULA (ID_MATRICULA, DATA_MATRICULA, ALUNO_ID, CURSO_ID) VALUES (3, TO_DATE('2025-07-4', 'YYYY-MM-DD'), 3, 4);
INSERT INTO escola.MATRICULA (ID_MATRICULA, DATA_MATRICULA, ALUNO_ID, CURSO_ID) VALUES (4, TO_DATE('2025-07-5', 'YYYY-MM-DD'), 4, 5);
INSERT INTO escola.MATRICULA (ID_MATRICULA, DATA_MATRICULA, ALUNO_ID, CURSO_ID) VALUES (5, TO_DATE('2025-07-6', 'YYYY-MM-DD'), 5, 1);
INSERT INTO escola.MATRICULA (ID_MATRICULA, DATA_MATRICULA, ALUNO_ID, CURSO_ID) VALUES (6, TO_DATE('2025-07-7', 'YYYY-MM-DD'), 6, 2);
INSERT INTO escola.MATRICULA (ID_MATRICULA, DATA_MATRICULA, ALUNO_ID, CURSO_ID) VALUES (7, TO_DATE('2025-07-8', 'YYYY-MM-DD'), 7, 3);
INSERT INTO escola.MATRICULA (ID_MATRICULA, DATA_MATRICULA, ALUNO_ID, CURSO_ID) VALUES (8, TO_DATE('2025-07-9', 'YYYY-MM-DD'), 8, 4);
INSERT INTO escola.MATRICULA (ID_MATRICULA, DATA_MATRICULA, ALUNO_ID, CURSO_ID) VALUES (9, TO_DATE('2025-07-10', 'YYYY-MM-DD'), 9, 5);
INSERT INTO escola.MATRICULA (ID_MATRICULA, DATA_MATRICULA, ALUNO_ID, CURSO_ID) VALUES (10, TO_DATE('2025-07-11', 'YYYY-MM-DD'), 10, 1);
INSERT INTO escola.MATRICULA (ID_MATRICULA, DATA_MATRICULA, ALUNO_ID, CURSO_ID) VALUES (11, TO_DATE('2025-07-12', 'YYYY-MM-DD'), 11, 2);
INSERT INTO escola.MATRICULA (ID_MATRICULA, DATA_MATRICULA, ALUNO_ID, CURSO_ID) VALUES (12, TO_DATE('2025-07-13', 'YYYY-MM-DD'), 12, 3);
INSERT INTO escola.MATRICULA (ID_MATRICULA, DATA_MATRICULA, ALUNO_ID, CURSO_ID) VALUES (13, TO_DATE('2025-07-14', 'YYYY-MM-DD'), 13, 4);
INSERT INTO escola.MATRICULA (ID_MATRICULA, DATA_MATRICULA, ALUNO_ID, CURSO_ID) VALUES (14, TO_DATE('2025-07-15', 'YYYY-MM-DD'), 14, 5);
INSERT INTO escola.MATRICULA (ID_MATRICULA, DATA_MATRICULA, ALUNO_ID, CURSO_ID) VALUES (15, TO_DATE('2025-07-16', 'YYYY-MM-DD'), 15, 1);
INSERT INTO escola.MATRICULA (ID_MATRICULA, DATA_MATRICULA, ALUNO_ID, CURSO_ID) VALUES (16, TO_DATE('2025-07-17', 'YYYY-MM-DD'), 16, 2);
INSERT INTO escola.MATRICULA (ID_MATRICULA, DATA_MATRICULA, ALUNO_ID, CURSO_ID) VALUES (17, TO_DATE('2025-07-18', 'YYYY-MM-DD'), 17, 3);
INSERT INTO escola.MATRICULA (ID_MATRICULA, DATA_MATRICULA, ALUNO_ID, CURSO_ID) VALUES (18, TO_DATE('2025-07-19', 'YYYY-MM-DD'), 18, 4);
INSERT INTO escola.MATRICULA (ID_MATRICULA, DATA_MATRICULA, ALUNO_ID, CURSO_ID) VALUES (19, TO_DATE('2025-07-20', 'YYYY-MM-DD'), 19, 5);
INSERT INTO escola.MATRICULA (ID_MATRICULA, DATA_MATRICULA, ALUNO_ID, CURSO_ID) VALUES (20, TO_DATE('2025-07-21', 'YYYY-MM-DD'), 20, 1);
INSERT INTO escola.MATRICULA (ID_MATRICULA, DATA_MATRICULA, ALUNO_ID, CURSO_ID) VALUES (21, TO_DATE('2025-07-22', 'YYYY-MM-DD'), 21, 2);
INSERT INTO escola.MATRICULA (ID_MATRICULA, DATA_MATRICULA, ALUNO_ID, CURSO_ID) VALUES (22, TO_DATE('2025-07-23', 'YYYY-MM-DD'), 22, 3);
INSERT INTO escola.MATRICULA (ID_MATRICULA, DATA_MATRICULA, ALUNO_ID, CURSO_ID) VALUES (23, TO_DATE('2025-07-24', 'YYYY-MM-DD'), 23, 4);
INSERT INTO escola.MATRICULA (ID_MATRICULA, DATA_MATRICULA, ALUNO_ID, CURSO_ID) VALUES (24, TO_DATE('2025-07-25', 'YYYY-MM-DD'), 24, 5);
INSERT INTO escola.MATRICULA (ID_MATRICULA, DATA_MATRICULA, ALUNO_ID, CURSO_ID) VALUES (25, TO_DATE('2025-07-26', 'YYYY-MM-DD'), 25, 1);
INSERT INTO escola.MATRICULA (ID_MATRICULA, DATA_MATRICULA, ALUNO_ID, CURSO_ID) VALUES (26, TO_DATE('2025-07-27', 'YYYY-MM-DD'), 26, 2);
INSERT INTO escola.MATRICULA (ID_MATRICULA, DATA_MATRICULA, ALUNO_ID, CURSO_ID) VALUES (27, TO_DATE('2025-07-28', 'YYYY-MM-DD'), 27, 3);
INSERT INTO escola.MATRICULA (ID_MATRICULA, DATA_MATRICULA, ALUNO_ID, CURSO_ID) VALUES (28, TO_DATE('2025-07-29', 'YYYY-MM-DD'), 28, 4);
INSERT INTO escola.MATRICULA (ID_MATRICULA, DATA_MATRICULA, ALUNO_ID, CURSO_ID) VALUES (29, TO_DATE('2025-07-30', 'YYYY-MM-DD'), 29, 5);
INSERT INTO escola.MATRICULA (ID_MATRICULA, DATA_MATRICULA, ALUNO_ID, CURSO_ID) VALUES (30, TO_DATE('2025-07-31', 'YYYY-MM-DD'), 30, 1);
INSERT INTO escola.MATRICULA (ID_MATRICULA, DATA_MATRICULA, ALUNO_ID, CURSO_ID) VALUES (31, TO_DATE('2025-07-1', 'YYYY-MM-DD'), 31, 2);
INSERT INTO escola.MATRICULA (ID_MATRICULA, DATA_MATRICULA, ALUNO_ID, CURSO_ID) VALUES (32, TO_DATE('2025-07-2', 'YYYY-MM-DD'), 32, 3);
INSERT INTO escola.MATRICULA (ID_MATRICULA, DATA_MATRICULA, ALUNO_ID, CURSO_ID) VALUES (33, TO_DATE('2025-07-3', 'YYYY-MM-DD'), 33, 4);
INSERT INTO escola.MATRICULA (ID_MATRICULA, DATA_MATRICULA, ALUNO_ID, CURSO_ID) VALUES (34, TO_DATE('2025-07-4', 'YYYY-MM-DD'), 34, 5);
INSERT INTO escola.MATRICULA (ID_MATRICULA, DATA_MATRICULA, ALUNO_ID, CURSO_ID) VALUES (35, TO_DATE('2025-07-5', 'YYYY-MM-DD'), 35, 1);
INSERT INTO escola.MATRICULA (ID_MATRICULA, DATA_MATRICULA, ALUNO_ID, CURSO_ID) VALUES (36, TO_DATE('2025-07-6', 'YYYY-MM-DD'), 36, 2);
INSERT INTO escola.MATRICULA (ID_MATRICULA, DATA_MATRICULA, ALUNO_ID, CURSO_ID) VALUES (37, TO_DATE('2025-07-7', 'YYYY-MM-DD'), 37, 3);
INSERT INTO escola.MATRICULA (ID_MATRICULA, DATA_MATRICULA, ALUNO_ID, CURSO_ID) VALUES (38, TO_DATE('2025-07-8', 'YYYY-MM-DD'), 38, 4);
INSERT INTO escola.MATRICULA (ID_MATRICULA, DATA_MATRICULA, ALUNO_ID, CURSO_ID) VALUES (39, TO_DATE('2025-07-9', 'YYYY-MM-DD'), 39, 5);
INSERT INTO escola.MATRICULA (ID_MATRICULA, DATA_MATRICULA, ALUNO_ID, CURSO_ID) VALUES (40, TO_DATE('2025-07-10', 'YYYY-MM-DD'), 40, 1);
INSERT INTO escola.MATRICULA (ID_MATRICULA, DATA_MATRICULA, ALUNO_ID, CURSO_ID) VALUES (41, TO_DATE('2025-07-11', 'YYYY-MM-DD'), 41, 2);
INSERT INTO escola.MATRICULA (ID_MATRICULA, DATA_MATRICULA, ALUNO_ID, CURSO_ID) VALUES (42, TO_DATE('2025-07-12', 'YYYY-MM-DD'), 42, 3);
INSERT INTO escola.MATRICULA (ID_MATRICULA, DATA_MATRICULA, ALUNO_ID, CURSO_ID) VALUES (43, TO_DATE('2025-07-13', 'YYYY-MM-DD'), 43, 4);
INSERT INTO escola.MATRICULA (ID_MATRICULA, DATA_MATRICULA, ALUNO_ID, CURSO_ID) VALUES (44, TO_DATE('2025-07-14', 'YYYY-MM-DD'), 44, 5);
INSERT INTO escola.MATRICULA (ID_MATRICULA, DATA_MATRICULA, ALUNO_ID, CURSO_ID) VALUES (45, TO_DATE('2025-07-15', 'YYYY-MM-DD'), 45, 1);
INSERT INTO escola.MATRICULA (ID_MATRICULA, DATA_MATRICULA, ALUNO_ID, CURSO_ID) VALUES (46, TO_DATE('2025-07-16', 'YYYY-MM-DD'), 46, 2);
INSERT INTO escola.MATRICULA (ID_MATRICULA, DATA_MATRICULA, ALUNO_ID, CURSO_ID) VALUES (47, TO_DATE('2025-07-17', 'YYYY-MM-DD'), 47, 3);
INSERT INTO escola.MATRICULA (ID_MATRICULA, DATA_MATRICULA, ALUNO_ID, CURSO_ID) VALUES (48, TO_DATE('2025-07-18', 'YYYY-MM-DD'), 48, 4);
INSERT INTO escola.MATRICULA (ID_MATRICULA, DATA_MATRICULA, ALUNO_ID, CURSO_ID) VALUES (49, TO_DATE('2025-07-19', 'YYYY-MM-DD'), 49, 5);
INSERT INTO escola.MATRICULA (ID_MATRICULA, DATA_MATRICULA, ALUNO_ID, CURSO_ID) VALUES (50, TO_DATE('2025-07-20', 'YYYY-MM-DD'), 50, 1);
INSERT INTO escola.MATRICULA (ID_MATRICULA, DATA_MATRICULA, ALUNO_ID, CURSO_ID) VALUES (51, TO_DATE('2025-07-21', 'YYYY-MM-DD'), 51, 2);
INSERT INTO escola.MATRICULA (ID_MATRICULA, DATA_MATRICULA, ALUNO_ID, CURSO_ID) VALUES (52, TO_DATE('2025-07-22', 'YYYY-MM-DD'), 52, 3);
INSERT INTO escola.MATRICULA (ID_MATRICULA, DATA_MATRICULA, ALUNO_ID, CURSO_ID) VALUES (53, TO_DATE('2025-07-23', 'YYYY-MM-DD'), 53, 4);
INSERT INTO escola.MATRICULA (ID_MATRICULA, DATA_MATRICULA, ALUNO_ID, CURSO_ID) VALUES (54, TO_DATE('2025-07-24', 'YYYY-MM-DD'), 54, 5);
INSERT INTO escola.MATRICULA (ID_MATRICULA, DATA_MATRICULA, ALUNO_ID, CURSO_ID) VALUES (55, TO_DATE('2025-07-25', 'YYYY-MM-DD'), 55, 1);
INSERT INTO escola.MATRICULA (ID_MATRICULA, DATA_MATRICULA, ALUNO_ID, CURSO_ID) VALUES (56, TO_DATE('2025-07-26', 'YYYY-MM-DD'), 56, 2);
INSERT INTO escola.MATRICULA (ID_MATRICULA, DATA_MATRICULA, ALUNO_ID, CURSO_ID) VALUES (57, TO_DATE('2025-07-27', 'YYYY-MM-DD'), 57, 3);
INSERT INTO escola.MATRICULA (ID_MATRICULA, DATA_MATRICULA, ALUNO_ID, CURSO_ID) VALUES (58, TO_DATE('2025-07-28', 'YYYY-MM-DD'), 58, 4);
INSERT INTO escola.MATRICULA (ID_MATRICULA, DATA_MATRICULA, ALUNO_ID, CURSO_ID) VALUES (59, TO_DATE('2025-07-29', 'YYYY-MM-DD'), 59, 5);
INSERT INTO escola.MATRICULA (ID_MATRICULA, DATA_MATRICULA, ALUNO_ID, CURSO_ID) VALUES (60, TO_DATE('2025-07-30', 'YYYY-MM-DD'), 60, 1);
INSERT INTO escola.MATRICULA (ID_MATRICULA, DATA_MATRICULA, ALUNO_ID, CURSO_ID) VALUES (61, TO_DATE('2025-07-31', 'YYYY-MM-DD'), 61, 2);
INSERT INTO escola.MATRICULA (ID_MATRICULA, DATA_MATRICULA, ALUNO_ID, CURSO_ID) VALUES (62, TO_DATE('2025-07-1', 'YYYY-MM-DD'), 62, 3);
INSERT INTO escola.MATRICULA (ID_MATRICULA, DATA_MATRICULA, ALUNO_ID, CURSO_ID) VALUES (63, TO_DATE('2025-07-2', 'YYYY-MM-DD'), 63, 4);
INSERT INTO escola.MATRICULA (ID_MATRICULA, DATA_MATRICULA, ALUNO_ID, CURSO_ID) VALUES (64, TO_DATE('2025-07-3', 'YYYY-MM-DD'), 64, 5);
INSERT INTO escola.MATRICULA (ID_MATRICULA, DATA_MATRICULA, ALUNO_ID, CURSO_ID) VALUES (65, TO_DATE('2025-07-4', 'YYYY-MM-DD'), 65, 1);
INSERT INTO escola.MATRICULA (ID_MATRICULA, DATA_MATRICULA, ALUNO_ID, CURSO_ID) VALUES (66, TO_DATE('2025-07-5', 'YYYY-MM-DD'), 66, 2);
INSERT INTO escola.MATRICULA (ID_MATRICULA, DATA_MATRICULA, ALUNO_ID, CURSO_ID) VALUES (67, TO_DATE('2025-07-6', 'YYYY-MM-DD'), 67, 3);
INSERT INTO escola.MATRICULA (ID_MATRICULA, DATA_MATRICULA, ALUNO_ID, CURSO_ID) VALUES (68, TO_DATE('2025-07-7', 'YYYY-MM-DD'), 68, 4);
INSERT INTO escola.MATRICULA (ID_MATRICULA, DATA_MATRICULA, ALUNO_ID, CURSO_ID) VALUES (69, TO_DATE('2025-07-8', 'YYYY-MM-DD'), 69, 5);
INSERT INTO escola.MATRICULA (ID_MATRICULA, DATA_MATRICULA, ALUNO_ID, CURSO_ID) VALUES (70, TO_DATE('2025-07-9', 'YYYY-MM-DD'), 70, 1);
INSERT INTO escola.MATRICULA (ID_MATRICULA, DATA_MATRICULA, ALUNO_ID, CURSO_ID) VALUES (71, TO_DATE('2025-07-10', 'YYYY-MM-DD'), 71, 2);
INSERT INTO escola.MATRICULA (ID_MATRICULA, DATA_MATRICULA, ALUNO_ID, CURSO_ID) VALUES (72, TO_DATE('2025-07-11', 'YYYY-MM-DD'), 72, 3);
INSERT INTO escola.MATRICULA (ID_MATRICULA, DATA_MATRICULA, ALUNO_ID, CURSO_ID) VALUES (73, TO_DATE('2025-07-12', 'YYYY-MM-DD'), 73, 4);
INSERT INTO escola.MATRICULA (ID_MATRICULA, DATA_MATRICULA, ALUNO_ID, CURSO_ID) VALUES (74, TO_DATE('2025-07-13', 'YYYY-MM-DD'), 74, 5);
INSERT INTO escola.MATRICULA (ID_MATRICULA, DATA_MATRICULA, ALUNO_ID, CURSO_ID) VALUES (75, TO_DATE('2025-07-14', 'YYYY-MM-DD'), 75, 1);
INSERT INTO escola.MATRICULA (ID_MATRICULA, DATA_MATRICULA, ALUNO_ID, CURSO_ID) VALUES (76, TO_DATE('2025-07-15', 'YYYY-MM-DD'), 76, 2);
INSERT INTO escola.MATRICULA (ID_MATRICULA, DATA_MATRICULA, ALUNO_ID, CURSO_ID) VALUES (77, TO_DATE('2025-07-16', 'YYYY-MM-DD'), 77, 3);
INSERT INTO escola.MATRICULA (ID_MATRICULA, DATA_MATRICULA, ALUNO_ID, CURSO_ID) VALUES (78, TO_DATE('2025-07-17', 'YYYY-MM-DD'), 78, 4);
INSERT INTO escola.MATRICULA (ID_MATRICULA, DATA_MATRICULA, ALUNO_ID, CURSO_ID) VALUES (79, TO_DATE('2025-07-18', 'YYYY-MM-DD'), 79, 5);
INSERT INTO escola.MATRICULA (ID_MATRICULA, DATA_MATRICULA, ALUNO_ID, CURSO_ID) VALUES (80, TO_DATE('2025-07-19', 'YYYY-MM-DD'), 80, 1);
INSERT INTO escola.MATRICULA (ID_MATRICULA, DATA_MATRICULA, ALUNO_ID, CURSO_ID) VALUES (81, TO_DATE('2025-07-20', 'YYYY-MM-DD'), 81, 2);
INSERT INTO escola.MATRICULA (ID_MATRICULA, DATA_MATRICULA, ALUNO_ID, CURSO_ID) VALUES (82, TO_DATE('2025-07-21', 'YYYY-MM-DD'), 82, 3);
INSERT INTO escola.MATRICULA (ID_MATRICULA, DATA_MATRICULA, ALUNO_ID, CURSO_ID) VALUES (83, TO_DATE('2025-07-22', 'YYYY-MM-DD'), 83, 4);
INSERT INTO escola.MATRICULA (ID_MATRICULA, DATA_MATRICULA, ALUNO_ID, CURSO_ID) VALUES (84, TO_DATE('2025-07-23', 'YYYY-MM-DD'), 84, 5);
INSERT INTO escola.MATRICULA (ID_MATRICULA, DATA_MATRICULA, ALUNO_ID, CURSO_ID) VALUES (85, TO_DATE('2025-07-24', 'YYYY-MM-DD'), 85, 1);
INSERT INTO escola.MATRICULA (ID_MATRICULA, DATA_MATRICULA, ALUNO_ID, CURSO_ID) VALUES (86, TO_DATE('2025-07-25', 'YYYY-MM-DD'), 86, 2);
INSERT INTO escola.MATRICULA (ID_MATRICULA, DATA_MATRICULA, ALUNO_ID, CURSO_ID) VALUES (87, TO_DATE('2025-07-26', 'YYYY-MM-DD'), 87, 3);
INSERT INTO escola.MATRICULA (ID_MATRICULA, DATA_MATRICULA, ALUNO_ID, CURSO_ID) VALUES (88, TO_DATE('2025-07-27', 'YYYY-MM-DD'), 88, 4);
INSERT INTO escola.MATRICULA (ID_MATRICULA, DATA_MATRICULA, ALUNO_ID, CURSO_ID) VALUES (89, TO_DATE('2025-07-28', 'YYYY-MM-DD'), 89, 5);
INSERT INTO escola.MATRICULA (ID_MATRICULA, DATA_MATRICULA, ALUNO_ID, CURSO_ID) VALUES (90, TO_DATE('2025-07-29', 'YYYY-MM-DD'), 90, 1);
INSERT INTO escola.MATRICULA (ID_MATRICULA, DATA_MATRICULA, ALUNO_ID, CURSO_ID) VALUES (91, TO_DATE('2025-07-30', 'YYYY-MM-DD'), 91, 2);
INSERT INTO escola.MATRICULA (ID_MATRICULA, DATA_MATRICULA, ALUNO_ID, CURSO_ID) VALUES (92, TO_DATE('2025-07-31', 'YYYY-MM-DD'), 92, 3);
INSERT INTO escola.MATRICULA (ID_MATRICULA, DATA_MATRICULA, ALUNO_ID, CURSO_ID) VALUES (93, TO_DATE('2025-07-1', 'YYYY-MM-DD'), 93, 4);
INSERT INTO escola.MATRICULA (ID_MATRICULA, DATA_MATRICULA, ALUNO_ID, CURSO_ID) VALUES (94, TO_DATE('2025-07-2', 'YYYY-MM-DD'), 94, 5);
INSERT INTO escola.MATRICULA (ID_MATRICULA, DATA_MATRICULA, ALUNO_ID, CURSO_ID) VALUES (95, TO_DATE('2025-07-3', 'YYYY-MM-DD'), 95, 1);
INSERT INTO escola.MATRICULA (ID_MATRICULA, DATA_MATRICULA, ALUNO_ID, CURSO_ID) VALUES (96, TO_DATE('2025-07-4', 'YYYY-MM-DD'), 96, 2);
INSERT INTO escola.MATRICULA (ID_MATRICULA, DATA_MATRICULA, ALUNO_ID, CURSO_ID) VALUES (97, TO_DATE('2025-07-5', 'YYYY-MM-DD'), 97, 3);
INSERT INTO escola.MATRICULA (ID_MATRICULA, DATA_MATRICULA, ALUNO_ID, CURSO_ID) VALUES (98, TO_DATE('2025-07-6', 'YYYY-MM-DD'), 98, 4);
INSERT INTO escola.MATRICULA (ID_MATRICULA, DATA_MATRICULA, ALUNO_ID, CURSO_ID) VALUES (99, TO_DATE('2025-07-7', 'YYYY-MM-DD'), 99, 5);
INSERT INTO escola.MATRICULA (ID_MATRICULA, DATA_MATRICULA, ALUNO_ID, CURSO_ID) VALUES (100, TO_DATE('2025-07-8', 'YYYY-MM-DD'), 100, 1);
INSERT INTO escola.MATRICULA (ID_MATRICULA, DATA_MATRICULA, ALUNO_ID, CURSO_ID) VALUES (101, TO_DATE('2025-07-9', 'YYYY-MM-DD'), 101, 2);
INSERT INTO escola.MATRICULA (ID_MATRICULA, DATA_MATRICULA, ALUNO_ID, CURSO_ID) VALUES (102, TO_DATE('2025-07-10', 'YYYY-MM-DD'), 102, 3);
INSERT INTO escola.MATRICULA (ID_MATRICULA, DATA_MATRICULA, ALUNO_ID, CURSO_ID) VALUES (103, TO_DATE('2025-07-11', 'YYYY-MM-DD'), 103, 4);
INSERT INTO escola.MATRICULA (ID_MATRICULA, DATA_MATRICULA, ALUNO_ID, CURSO_ID) VALUES (104, TO_DATE('2025-07-12', 'YYYY-MM-DD'), 104, 5);
INSERT INTO escola.MATRICULA (ID_MATRICULA, DATA_MATRICULA, ALUNO_ID, CURSO_ID) VALUES (105, TO_DATE('2025-07-13', 'YYYY-MM-DD'), 105, 1);
INSERT INTO escola.MATRICULA (ID_MATRICULA, DATA_MATRICULA, ALUNO_ID, CURSO_ID) VALUES (106, TO_DATE('2025-07-14', 'YYYY-MM-DD'), 106, 2);
INSERT INTO escola.MATRICULA (ID_MATRICULA, DATA_MATRICULA, ALUNO_ID, CURSO_ID) VALUES (107, TO_DATE('2025-07-15', 'YYYY-MM-DD'), 107, 3);
INSERT INTO escola.MATRICULA (ID_MATRICULA, DATA_MATRICULA, ALUNO_ID, CURSO_ID) VALUES (108, TO_DATE('2025-07-16', 'YYYY-MM-DD'), 108, 4);
INSERT INTO escola.MATRICULA (ID_MATRICULA, DATA_MATRICULA, ALUNO_ID, CURSO_ID) VALUES (109, TO_DATE('2025-07-17', 'YYYY-MM-DD'), 109, 5);
INSERT INTO escola.MATRICULA (ID_MATRICULA, DATA_MATRICULA, ALUNO_ID, CURSO_ID) VALUES (110, TO_DATE('2025-07-18', 'YYYY-MM-DD'), 110, 1);
INSERT INTO escola.MATRICULA (ID_MATRICULA, DATA_MATRICULA, ALUNO_ID, CURSO_ID) VALUES (111, TO_DATE('2025-07-19', 'YYYY-MM-DD'), 111, 2);
INSERT INTO escola.MATRICULA (ID_MATRICULA, DATA_MATRICULA, ALUNO_ID, CURSO_ID) VALUES (112, TO_DATE('2025-07-20', 'YYYY-MM-DD'), 112, 3);
INSERT INTO escola.MATRICULA (ID_MATRICULA, DATA_MATRICULA, ALUNO_ID, CURSO_ID) VALUES (113, TO_DATE('2025-07-21', 'YYYY-MM-DD'), 113, 4);
INSERT INTO escola.MATRICULA (ID_MATRICULA, DATA_MATRICULA, ALUNO_ID, CURSO_ID) VALUES (114, TO_DATE('2025-07-22', 'YYYY-MM-DD'), 114, 5);
INSERT INTO escola.MATRICULA (ID_MATRICULA, DATA_MATRICULA, ALUNO_ID, CURSO_ID) VALUES (115, TO_DATE('2025-07-23', 'YYYY-MM-DD'), 115, 1);
INSERT INTO escola.MATRICULA (ID_MATRICULA, DATA_MATRICULA, ALUNO_ID, CURSO_ID) VALUES (116, TO_DATE('2025-07-24', 'YYYY-MM-DD'), 116, 2);
INSERT INTO escola.MATRICULA (ID_MATRICULA, DATA_MATRICULA, ALUNO_ID, CURSO_ID) VALUES (117, TO_DATE('2025-07-25', 'YYYY-MM-DD'), 117, 3);
INSERT INTO escola.MATRICULA (ID_MATRICULA, DATA_MATRICULA, ALUNO_ID, CURSO_ID) VALUES (118, TO_DATE('2025-07-26', 'YYYY-MM-DD'), 118, 4);
INSERT INTO escola.MATRICULA (ID_MATRICULA, DATA_MATRICULA, ALUNO_ID, CURSO_ID) VALUES (119, TO_DATE('2025-07-27', 'YYYY-MM-DD'), 119, 5);
INSERT INTO escola.MATRICULA (ID_MATRICULA, DATA_MATRICULA, ALUNO_ID, CURSO_ID) VALUES (120, TO_DATE('2025-07-28', 'YYYY-MM-DD'), 120, 1);
INSERT INTO escola.MATRICULA (ID_MATRICULA, DATA_MATRICULA, ALUNO_ID, CURSO_ID) VALUES (121, TO_DATE('2025-07-29', 'YYYY-MM-DD'), 121, 2);
INSERT INTO escola.MATRICULA (ID_MATRICULA, DATA_MATRICULA, ALUNO_ID, CURSO_ID) VALUES (122, TO_DATE('2025-07-30', 'YYYY-MM-DD'), 122, 3);
INSERT INTO escola.MATRICULA (ID_MATRICULA, DATA_MATRICULA, ALUNO_ID, CURSO_ID) VALUES (123, TO_DATE('2025-07-31', 'YYYY-MM-DD'), 123, 4);
INSERT INTO escola.MATRICULA (ID_MATRICULA, DATA_MATRICULA, ALUNO_ID, CURSO_ID) VALUES (124, TO_DATE('2025-07-1', 'YYYY-MM-DD'), 124, 5);
INSERT INTO escola.MATRICULA (ID_MATRICULA, DATA_MATRICULA, ALUNO_ID, CURSO_ID) VALUES (125, TO_DATE('2025-07-2', 'YYYY-MM-DD'), 125, 1);
INSERT INTO escola.MATRICULA (ID_MATRICULA, DATA_MATRICULA, ALUNO_ID, CURSO_ID) VALUES (126, TO_DATE('2025-07-3', 'YYYY-MM-DD'), 126, 2);
INSERT INTO escola.MATRICULA (ID_MATRICULA, DATA_MATRICULA, ALUNO_ID, CURSO_ID) VALUES (127, TO_DATE('2025-07-4', 'YYYY-MM-DD'), 127, 3);
INSERT INTO escola.MATRICULA (ID_MATRICULA, DATA_MATRICULA, ALUNO_ID, CURSO_ID) VALUES (128, TO_DATE('2025-07-5', 'YYYY-MM-DD'), 128, 4);
INSERT INTO escola.MATRICULA (ID_MATRICULA, DATA_MATRICULA, ALUNO_ID, CURSO_ID) VALUES (129, TO_DATE('2025-07-6', 'YYYY-MM-DD'), 129, 5);
INSERT INTO escola.MATRICULA (ID_MATRICULA, DATA_MATRICULA, ALUNO_ID, CURSO_ID) VALUES (130, TO_DATE('2025-07-7', 'YYYY-MM-DD'), 130, 1);
INSERT INTO escola.MATRICULA (ID_MATRICULA, DATA_MATRICULA, ALUNO_ID, CURSO_ID) VALUES (131, TO_DATE('2025-07-8', 'YYYY-MM-DD'), 131, 2);
INSERT INTO escola.MATRICULA (ID_MATRICULA, DATA_MATRICULA, ALUNO_ID, CURSO_ID) VALUES (132, TO_DATE('2025-07-9', 'YYYY-MM-DD'), 132, 3);
INSERT INTO escola.MATRICULA (ID_MATRICULA, DATA_MATRICULA, ALUNO_ID, CURSO_ID) VALUES (133, TO_DATE('2025-07-10', 'YYYY-MM-DD'), 133, 4);
INSERT INTO escola.MATRICULA (ID_MATRICULA, DATA_MATRICULA, ALUNO_ID, CURSO_ID) VALUES (134, TO_DATE('2025-07-11', 'YYYY-MM-DD'), 134, 5);
INSERT INTO escola.MATRICULA (ID_MATRICULA, DATA_MATRICULA, ALUNO_ID, CURSO_ID) VALUES (135, TO_DATE('2025-07-12', 'YYYY-MM-DD'), 135, 1);
INSERT INTO escola.MATRICULA (ID_MATRICULA, DATA_MATRICULA, ALUNO_ID, CURSO_ID) VALUES (136, TO_DATE('2025-07-13', 'YYYY-MM-DD'), 136, 2);
INSERT INTO escola.MATRICULA (ID_MATRICULA, DATA_MATRICULA, ALUNO_ID, CURSO_ID) VALUES (137, TO_DATE('2025-07-14', 'YYYY-MM-DD'), 137, 3);
INSERT INTO escola.MATRICULA (ID_MATRICULA, DATA_MATRICULA, ALUNO_ID, CURSO_ID) VALUES (138, TO_DATE('2025-07-15', 'YYYY-MM-DD'), 138, 4);
INSERT INTO escola.MATRICULA (ID_MATRICULA, DATA_MATRICULA, ALUNO_ID, CURSO_ID) VALUES (139, TO_DATE('2025-07-16', 'YYYY-MM-DD'), 139, 5);
INSERT INTO escola.MATRICULA (ID_MATRICULA, DATA_MATRICULA, ALUNO_ID, CURSO_ID) VALUES (140, TO_DATE('2025-07-17', 'YYYY-MM-DD'), 140, 1);
INSERT INTO escola.MATRICULA (ID_MATRICULA, DATA_MATRICULA, ALUNO_ID, CURSO_ID) VALUES (141, TO_DATE('2025-07-18', 'YYYY-MM-DD'), 141, 2);
INSERT INTO escola.MATRICULA (ID_MATRICULA, DATA_MATRICULA, ALUNO_ID, CURSO_ID) VALUES (142, TO_DATE('2025-07-19', 'YYYY-MM-DD'), 142, 3);
INSERT INTO escola.MATRICULA (ID_MATRICULA, DATA_MATRICULA, ALUNO_ID, CURSO_ID) VALUES (143, TO_DATE('2025-07-20', 'YYYY-MM-DD'), 143, 4);
INSERT INTO escola.MATRICULA (ID_MATRICULA, DATA_MATRICULA, ALUNO_ID, CURSO_ID) VALUES (144, TO_DATE('2025-07-21', 'YYYY-MM-DD'), 144, 5);
INSERT INTO escola.MATRICULA (ID_MATRICULA, DATA_MATRICULA, ALUNO_ID, CURSO_ID) VALUES (145, TO_DATE('2025-07-22', 'YYYY-MM-DD'), 145, 1);
INSERT INTO escola.MATRICULA (ID_MATRICULA, DATA_MATRICULA, ALUNO_ID, CURSO_ID) VALUES (146, TO_DATE('2025-07-23', 'YYYY-MM-DD'), 146, 2);
INSERT INTO escola.MATRICULA (ID_MATRICULA, DATA_MATRICULA, ALUNO_ID, CURSO_ID) VALUES (147, TO_DATE('2025-07-24', 'YYYY-MM-DD'), 147, 3);
INSERT INTO escola.MATRICULA (ID_MATRICULA, DATA_MATRICULA, ALUNO_ID, CURSO_ID) VALUES (148, TO_DATE('2025-07-25', 'YYYY-MM-DD'), 148, 4);
INSERT INTO escola.MATRICULA (ID_MATRICULA, DATA_MATRICULA, ALUNO_ID, CURSO_ID) VALUES (149, TO_DATE('2025-07-26', 'YYYY-MM-DD'), 149, 5);
INSERT INTO escola.MATRICULA (ID_MATRICULA, DATA_MATRICULA, ALUNO_ID, CURSO_ID) VALUES (150, TO_DATE('2025-07-27', 'YYYY-MM-DD'), 150, 1);
INSERT INTO escola.RESPONSAVEL (ID_RESPONSAVEL, NOME) VALUES (1, 'Rafael Souza');
INSERT INTO escola.RESPONSAVEL (ID_RESPONSAVEL, NOME) VALUES (2, 'Paula Costa');
INSERT INTO escola.RESPONSAVEL (ID_RESPONSAVEL, NOME) VALUES (3, 'Fernanda Souza');
INSERT INTO escola.RESPONSAVEL (ID_RESPONSAVEL, NOME) VALUES (4, 'Gustavo Almeida');
INSERT INTO escola.RESPONSAVEL (ID_RESPONSAVEL, NOME) VALUES (5, 'Roberta Santos');
INSERT INTO escola.RESPONSAVEL (ID_RESPONSAVEL, NOME) VALUES (6, 'Ricardo Almeida');
INSERT INTO escola.RESPONSAVEL (ID_RESPONSAVEL, NOME) VALUES (7, 'Tatiane Costa');
INSERT INTO escola.RESPONSAVEL (ID_RESPONSAVEL, NOME) VALUES (8, 'Eduardo Lima');
INSERT INTO escola.RESPONSAVEL (ID_RESPONSAVEL, NOME) VALUES (9, 'Ana Pereira');
INSERT INTO escola.RESPONSAVEL (ID_RESPONSAVEL, NOME) VALUES (10, 'Gustavo Almeida');
INSERT INTO escola.RESPONSAVEL (ID_RESPONSAVEL, NOME) VALUES (11, 'Eduardo Lima');
INSERT INTO escola.RESPONSAVEL (ID_RESPONSAVEL, NOME) VALUES (12, 'Luciana Ferreira');
INSERT INTO escola.RESPONSAVEL (ID_RESPONSAVEL, NOME) VALUES (13, 'Eduardo Lima');
INSERT INTO escola.RESPONSAVEL (ID_RESPONSAVEL, NOME) VALUES (14, 'Maria Silva');
INSERT INTO escola.RESPONSAVEL (ID_RESPONSAVEL, NOME) VALUES (15, 'Bruno Martins');
INSERT INTO escola.RESPONSAVEL (ID_RESPONSAVEL, NOME) VALUES (16, 'Felipe Costa');
INSERT INTO escola.RESPONSAVEL (ID_RESPONSAVEL, NOME) VALUES (17, 'Roberta Santos');
INSERT INTO escola.RESPONSAVEL (ID_RESPONSAVEL, NOME) VALUES (18, 'Ricardo Almeida');
INSERT INTO escola.RESPONSAVEL (ID_RESPONSAVEL, NOME) VALUES (19, 'Fernanda Souza');
INSERT INTO escola.RESPONSAVEL (ID_RESPONSAVEL, NOME) VALUES (20, 'Juliana Rocha');
INSERT INTO escola.RESPONSAVEL (ID_RESPONSAVEL, NOME) VALUES (21, 'Mariana Oliveira');
INSERT INTO escola.RESPONSAVEL (ID_RESPONSAVEL, NOME) VALUES (22, 'Tatiane Costa');
INSERT INTO escola.RESPONSAVEL (ID_RESPONSAVEL, NOME) VALUES (23, 'Felipe Costa');
INSERT INTO escola.RESPONSAVEL (ID_RESPONSAVEL, NOME) VALUES (24, 'Thiago Pereira');
INSERT INTO escola.RESPONSAVEL (ID_RESPONSAVEL, NOME) VALUES (25, 'Eduardo Lima');
INSERT INTO escola.RESPONSAVEL (ID_RESPONSAVEL, NOME) VALUES (26, 'Ana Pereira');
INSERT INTO escola.RESPONSAVEL (ID_RESPONSAVEL, NOME) VALUES (27, 'Fernanda Souza');
INSERT INTO escola.RESPONSAVEL (ID_RESPONSAVEL, NOME) VALUES (28, 'Ricardo Almeida');
INSERT INTO escola.RESPONSAVEL (ID_RESPONSAVEL, NOME) VALUES (29, 'Ana Pereira');
INSERT INTO escola.RESPONSAVEL (ID_RESPONSAVEL, NOME) VALUES (30, 'Gustavo Almeida');
INSERT INTO escola.ALUNO (ID_ALUNO, NOME, RESPONSAVEL_ID) VALUES (1, 'João da Silva Neto', 1);
INSERT INTO escola.ALUNO (ID_ALUNO, NOME, RESPONSAVEL_ID) VALUES (2, 'Ana Carolina Oliveira Souza', 1);
INSERT INTO escola.ALUNO (ID_ALUNO, NOME, RESPONSAVEL_ID) VALUES (3, 'Carlos Alberto Costa', 1);
INSERT INTO escola.ALUNO (ID_ALUNO, NOME, RESPONSAVEL_ID) VALUES (4, 'Mariana Ferreira Lima', 1);
INSERT INTO escola.ALUNO (ID_ALUNO, NOME, RESPONSAVEL_ID) VALUES (5, 'Luciana Santos Alves', 1);
INSERT INTO escola.ALUNO (ID_ALUNO, NOME, RESPONSAVEL_ID) VALUES (6, 'Pedro Henrique Rocha', 2);
INSERT INTO escola.ALUNO (ID_ALUNO, NOME, RESPONSAVEL_ID) VALUES (7, 'Julia Souza Costa', 2);
INSERT INTO escola.ALUNO (ID_ALUNO, NOME, RESPONSAVEL_ID) VALUES (8, 'Renato Pereira da Silva', 2);
INSERT INTO escola.ALUNO (ID_ALUNO, NOME, RESPONSAVEL_ID) VALUES (9, 'Fernanda Pereira Rocha', 2);
INSERT INTO escola.ALUNO (ID_ALUNO, NOME, RESPONSAVEL_ID) VALUES (10, 'Ricardo Lima Souza', 2);
INSERT INTO escola.ALUNO (ID_ALUNO, NOME, RESPONSAVEL_ID) VALUES (11, 'Isabela Costa Lima', 3);
INSERT INTO escola.ALUNO (ID_ALUNO, NOME, RESPONSAVEL_ID) VALUES (12, 'Daniela Rodrigues Oliveira', 3);
INSERT INTO escola.ALUNO (ID_ALUNO, NOME, RESPONSAVEL_ID) VALUES (13, 'Felipe Carvalho dos Santos', 3);
INSERT INTO escola.ALUNO (ID_ALUNO, NOME, RESPONSAVEL_ID) VALUES (14, 'Tatiane Santos Costa', 3);
INSERT INTO escola.ALUNO (ID_ALUNO, NOME, RESPONSAVEL_ID) VALUES (15, 'Gustavo Rocha Lima', 3);
INSERT INTO escola.ALUNO (ID_ALUNO, NOME, RESPONSAVEL_ID) VALUES (16, 'Beatriz Souza Oliveira', 4);
INSERT INTO escola.ALUNO (ID_ALUNO, NOME, RESPONSAVEL_ID) VALUES (17, 'Lucas Almeida Souza', 4);
INSERT INTO escola.ALUNO (ID_ALUNO, NOME, RESPONSAVEL_ID) VALUES (18, 'Simone Costa Ribeiro', 4);
INSERT INTO escola.ALUNO (ID_ALUNO, NOME, RESPONSAVEL_ID) VALUES (19, 'Bruno Silva Santos', 4);
INSERT INTO escola.ALUNO (ID_ALUNO, NOME, RESPONSAVEL_ID) VALUES (20, 'Carla Pereira de Lima', 4);
INSERT INTO escola.ALUNO (ID_ALUNO, NOME, RESPONSAVEL_ID) VALUES (21, 'Roberto Oliveira Rocha', 5);
INSERT INTO escola.ALUNO (ID_ALUNO, NOME, RESPONSAVEL_ID) VALUES (22, 'Amanda Souza Costa', 5);
INSERT INTO escola.ALUNO (ID_ALUNO, NOME, RESPONSAVEL_ID) VALUES (23, 'Giovanna Rocha Alves', 5);
INSERT INTO escola.ALUNO (ID_ALUNO, NOME, RESPONSAVEL_ID) VALUES (24, 'Diego Lima Souza', 5);
INSERT INTO escola.ALUNO (ID_ALUNO, NOME, RESPONSAVEL_ID) VALUES (25, 'Vanessa Oliveira Costa', 5);
INSERT INTO escola.ALUNO (ID_ALUNO, NOME, RESPONSAVEL_ID) VALUES (26, 'Adriano Costa Ferreira', 6);
INSERT INTO escola.ALUNO (ID_ALUNO, NOME, RESPONSAVEL_ID) VALUES (27, 'Larissa Pereira de Souza', 6);
INSERT INTO escola.ALUNO (ID_ALUNO, NOME, RESPONSAVEL_ID) VALUES (28, 'Marcelo Silva Lima', 6);
INSERT INTO escola.ALUNO (ID_ALUNO, NOME, RESPONSAVEL_ID) VALUES (29, 'Rafaela Costa Oliveira', 6);
INSERT INTO escola.ALUNO (ID_ALUNO, NOME, RESPONSAVEL_ID) VALUES (30, 'Vinícius Lima Santos', 6);
INSERT INTO escola.ALUNO (ID_ALUNO, NOME, RESPONSAVEL_ID) VALUES (31, 'Patricia Rocha Ferreira', 7);
INSERT INTO escola.ALUNO (ID_ALUNO, NOME, RESPONSAVEL_ID) VALUES (32, 'Fábio da Silva Costa', 7);
INSERT INTO escola.ALUNO (ID_ALUNO, NOME, RESPONSAVEL_ID) VALUES (33, 'Paula Lima Souza', 7);
INSERT INTO escola.ALUNO (ID_ALUNO, NOME, RESPONSAVEL_ID) VALUES (34, 'Ricardo Santos Oliveira', 7);
INSERT INTO escola.ALUNO (ID_ALUNO, NOME, RESPONSAVEL_ID) VALUES (35, 'Andréa Souza Lima', 7);
INSERT INTO escola.ALUNO (ID_ALUNO, NOME, RESPONSAVEL_ID) VALUES (36, 'Vitor Almeida Santos', 8);
INSERT INTO escola.ALUNO (ID_ALUNO, NOME, RESPONSAVEL_ID) VALUES (37, 'Cristina Costa Souza', 8);
INSERT INTO escola.ALUNO (ID_ALUNO, NOME, RESPONSAVEL_ID) VALUES (38, 'Fabiana Oliveira Santos', 8);
INSERT INTO escola.ALUNO (ID_ALUNO, NOME, RESPONSAVEL_ID) VALUES (39, 'Bruno Pereira Souza', 8);
INSERT INTO escola.ALUNO (ID_ALUNO, NOME, RESPONSAVEL_ID) VALUES (40, 'Juliana Lima Costa', 8);
INSERT INTO escola.ALUNO (ID_ALUNO, NOME, RESPONSAVEL_ID) VALUES (41, 'Marcelo Oliveira Costa', 9);
INSERT INTO escola.ALUNO (ID_ALUNO, NOME, RESPONSAVEL_ID) VALUES (42, 'Aline Ferreira Almeida', 9);
INSERT INTO escola.ALUNO (ID_ALUNO, NOME, RESPONSAVEL_ID) VALUES (43, 'Thiago Santos da Silva', 9);
INSERT INTO escola.ALUNO (ID_ALUNO, NOME, RESPONSAVEL_ID) VALUES (44, 'Cristiane Oliveira Rocha', 9);
INSERT INTO escola.ALUNO (ID_ALUNO, NOME, RESPONSAVEL_ID) VALUES (45, 'Sérgio Silva Lima', 9);
INSERT INTO escola.ALUNO (ID_ALUNO, NOME, RESPONSAVEL_ID) VALUES (46, 'Marcio Oliveira Santos', 10);
INSERT INTO escola.ALUNO (ID_ALUNO, NOME, RESPONSAVEL_ID) VALUES (47, 'Raquel Pereira da Silva', 10);
INSERT INTO escola.ALUNO (ID_ALUNO, NOME, RESPONSAVEL_ID) VALUES (48, 'Larissa Lima Souza', 10);
INSERT INTO escola.ALUNO (ID_ALUNO, NOME, RESPONSAVEL_ID) VALUES (49, 'Eduardo Silva Rocha', 10);
INSERT INTO escola.ALUNO (ID_ALUNO, NOME, RESPONSAVEL_ID) VALUES (50, 'Sabrina Costa Ferreira', 10);
INSERT INTO escola.ALUNO (ID_ALUNO, NOME, RESPONSAVEL_ID) VALUES (51, 'Giovanni Souza Lima', 11);
INSERT INTO escola.ALUNO (ID_ALUNO, NOME, RESPONSAVEL_ID) VALUES (52, 'Vanessa Rodrigues Costa', 11);
INSERT INTO escola.ALUNO (ID_ALUNO, NOME, RESPONSAVEL_ID) VALUES (53, 'Marcos Silva Santos', 11);
INSERT INTO escola.ALUNO (ID_ALUNO, NOME, RESPONSAVEL_ID) VALUES (54, 'Tânia Costa Oliveira', 11);
INSERT INTO escola.ALUNO (ID_ALUNO, NOME, RESPONSAVEL_ID) VALUES (55, 'Aline Rocha Lima', 11);
INSERT INTO escola.ALUNO (ID_ALUNO, NOME, RESPONSAVEL_ID) VALUES (56, 'João da Silva Neto', 12);
INSERT INTO escola.ALUNO (ID_ALUNO, NOME, RESPONSAVEL_ID) VALUES (57, 'Ana Carolina Oliveira Souza', 12);
INSERT INTO escola.ALUNO (ID_ALUNO, NOME, RESPONSAVEL_ID) VALUES (58, 'Carlos Alberto Costa', 12);
INSERT INTO escola.ALUNO (ID_ALUNO, NOME, RESPONSAVEL_ID) VALUES (59, 'Mariana Ferreira Lima', 12);
INSERT INTO escola.ALUNO (ID_ALUNO, NOME, RESPONSAVEL_ID) VALUES (60, 'Luciana Santos Alves', 12);
INSERT INTO escola.ALUNO (ID_ALUNO, NOME, RESPONSAVEL_ID) VALUES (61, 'Pedro Henrique Rocha', 13);
INSERT INTO escola.ALUNO (ID_ALUNO, NOME, RESPONSAVEL_ID) VALUES (62, 'Julia Souza Costa', 13);
INSERT INTO escola.ALUNO (ID_ALUNO, NOME, RESPONSAVEL_ID) VALUES (63, 'Renato Pereira da Silva', 13);
INSERT INTO escola.ALUNO (ID_ALUNO, NOME, RESPONSAVEL_ID) VALUES (64, 'Fernanda Pereira Rocha', 13);
INSERT INTO escola.ALUNO (ID_ALUNO, NOME, RESPONSAVEL_ID) VALUES (65, 'Ricardo Lima Souza', 13);
INSERT INTO escola.ALUNO (ID_ALUNO, NOME, RESPONSAVEL_ID) VALUES (66, 'Isabela Costa Lima', 14);
INSERT INTO escola.ALUNO (ID_ALUNO, NOME, RESPONSAVEL_ID) VALUES (67, 'Daniela Rodrigues Oliveira', 14);
INSERT INTO escola.ALUNO (ID_ALUNO, NOME, RESPONSAVEL_ID) VALUES (68, 'Felipe Carvalho dos Santos', 14);
INSERT INTO escola.ALUNO (ID_ALUNO, NOME, RESPONSAVEL_ID) VALUES (69, 'Tatiane Santos Costa', 14);
INSERT INTO escola.ALUNO (ID_ALUNO, NOME, RESPONSAVEL_ID) VALUES (70, 'Gustavo Rocha Lima', 14);
INSERT INTO escola.ALUNO (ID_ALUNO, NOME, RESPONSAVEL_ID) VALUES (71, 'Beatriz Souza Oliveira', 15);
INSERT INTO escola.ALUNO (ID_ALUNO, NOME, RESPONSAVEL_ID) VALUES (72, 'Lucas Almeida Souza', 15);
INSERT INTO escola.ALUNO (ID_ALUNO, NOME, RESPONSAVEL_ID) VALUES (73, 'Simone Costa Ribeiro', 15);
INSERT INTO escola.ALUNO (ID_ALUNO, NOME, RESPONSAVEL_ID) VALUES (74, 'Bruno Silva Santos', 15);
INSERT INTO escola.ALUNO (ID_ALUNO, NOME, RESPONSAVEL_ID) VALUES (75, 'Carla Pereira de Lima', 15);
INSERT INTO escola.ALUNO (ID_ALUNO, NOME, RESPONSAVEL_ID) VALUES (76, 'Roberto Oliveira Rocha', 16);
INSERT INTO escola.ALUNO (ID_ALUNO, NOME, RESPONSAVEL_ID) VALUES (77, 'Amanda Souza Costa', 16);
INSERT INTO escola.ALUNO (ID_ALUNO, NOME, RESPONSAVEL_ID) VALUES (78, 'Giovanna Rocha Alves', 16);
INSERT INTO escola.ALUNO (ID_ALUNO, NOME, RESPONSAVEL_ID) VALUES (79, 'Diego Lima Souza', 16);
INSERT INTO escola.ALUNO (ID_ALUNO, NOME, RESPONSAVEL_ID) VALUES (80, 'Vanessa Oliveira Costa', 16);
INSERT INTO escola.ALUNO (ID_ALUNO, NOME, RESPONSAVEL_ID) VALUES (81, 'Adriano Costa Ferreira', 17);
INSERT INTO escola.ALUNO (ID_ALUNO, NOME, RESPONSAVEL_ID) VALUES (82, 'Larissa Pereira de Souza', 17);
INSERT INTO escola.ALUNO (ID_ALUNO, NOME, RESPONSAVEL_ID) VALUES (83, 'Marcelo Silva Lima', 17);
INSERT INTO escola.ALUNO (ID_ALUNO, NOME, RESPONSAVEL_ID) VALUES (84, 'Rafaela Costa Oliveira', 17);
INSERT INTO escola.ALUNO (ID_ALUNO, NOME, RESPONSAVEL_ID) VALUES (85, 'Vinícius Lima Santos', 17);
INSERT INTO escola.ALUNO (ID_ALUNO, NOME, RESPONSAVEL_ID) VALUES (86, 'Patricia Rocha Ferreira', 18);
INSERT INTO escola.ALUNO (ID_ALUNO, NOME, RESPONSAVEL_ID) VALUES (87, 'Fábio da Silva Costa', 18);
INSERT INTO escola.ALUNO (ID_ALUNO, NOME, RESPONSAVEL_ID) VALUES (88, 'Paula Lima Souza', 18);
INSERT INTO escola.ALUNO (ID_ALUNO, NOME, RESPONSAVEL_ID) VALUES (89, 'Ricardo Santos Oliveira', 18);
INSERT INTO escola.ALUNO (ID_ALUNO, NOME, RESPONSAVEL_ID) VALUES (90, 'Andréa Souza Lima', 18);
INSERT INTO escola.ALUNO (ID_ALUNO, NOME, RESPONSAVEL_ID) VALUES (91, 'Vitor Almeida Santos', 19);
INSERT INTO escola.ALUNO (ID_ALUNO, NOME, RESPONSAVEL_ID) VALUES (92, 'Cristina Costa Souza', 19);
INSERT INTO escola.ALUNO (ID_ALUNO, NOME, RESPONSAVEL_ID) VALUES (93, 'Fabiana Oliveira Santos', 19);
INSERT INTO escola.ALUNO (ID_ALUNO, NOME, RESPONSAVEL_ID) VALUES (94, 'Bruno Pereira Souza', 19);
INSERT INTO escola.ALUNO (ID_ALUNO, NOME, RESPONSAVEL_ID) VALUES (95, 'Juliana Lima Costa', 19);
INSERT INTO escola.ALUNO (ID_ALUNO, NOME, RESPONSAVEL_ID) VALUES (96, 'Marcelo Oliveira Costa', 20);
INSERT INTO escola.ALUNO (ID_ALUNO, NOME, RESPONSAVEL_ID) VALUES (97, 'Aline Ferreira Almeida', 20);
INSERT INTO escola.ALUNO (ID_ALUNO, NOME, RESPONSAVEL_ID) VALUES (98, 'Thiago Santos da Silva', 20);
INSERT INTO escola.ALUNO (ID_ALUNO, NOME, RESPONSAVEL_ID) VALUES (99, 'Cristiane Oliveira Rocha', 20);
INSERT INTO escola.ALUNO (ID_ALUNO, NOME, RESPONSAVEL_ID) VALUES (100, 'Sérgio Silva Lima', 20);
INSERT INTO escola.ALUNO (ID_ALUNO, NOME, RESPONSAVEL_ID) VALUES (101, 'Marcio Oliveira Santos', 21);
INSERT INTO escola.ALUNO (ID_ALUNO, NOME, RESPONSAVEL_ID) VALUES (102, 'Raquel Pereira da Silva', 21);
INSERT INTO escola.ALUNO (ID_ALUNO, NOME, RESPONSAVEL_ID) VALUES (103, 'Larissa Lima Souza', 21);
INSERT INTO escola.ALUNO (ID_ALUNO, NOME, RESPONSAVEL_ID) VALUES (104, 'Eduardo Silva Rocha', 21);
INSERT INTO escola.ALUNO (ID_ALUNO, NOME, RESPONSAVEL_ID) VALUES (105, 'Sabrina Costa Ferreira', 21);
INSERT INTO escola.ALUNO (ID_ALUNO, NOME, RESPONSAVEL_ID) VALUES (106, 'Giovanni Souza Lima', 22);
INSERT INTO escola.ALUNO (ID_ALUNO, NOME, RESPONSAVEL_ID) VALUES (107, 'Vanessa Rodrigues Costa', 22);
INSERT INTO escola.ALUNO (ID_ALUNO, NOME, RESPONSAVEL_ID) VALUES (108, 'Marcos Silva Santos', 22);
INSERT INTO escola.ALUNO (ID_ALUNO, NOME, RESPONSAVEL_ID) VALUES (109, 'Tânia Costa Oliveira', 22);
INSERT INTO escola.ALUNO (ID_ALUNO, NOME, RESPONSAVEL_ID) VALUES (110, 'Aline Rocha Lima', 22);
INSERT INTO escola.ALUNO (ID_ALUNO, NOME, RESPONSAVEL_ID) VALUES (111, 'João da Silva Neto', 23);
INSERT INTO escola.ALUNO (ID_ALUNO, NOME, RESPONSAVEL_ID) VALUES (112, 'Ana Carolina Oliveira Souza', 23);
INSERT INTO escola.ALUNO (ID_ALUNO, NOME, RESPONSAVEL_ID) VALUES (113, 'Carlos Alberto Costa', 23);
INSERT INTO escola.ALUNO (ID_ALUNO, NOME, RESPONSAVEL_ID) VALUES (114, 'Mariana Ferreira Lima', 23);
INSERT INTO escola.ALUNO (ID_ALUNO, NOME, RESPONSAVEL_ID) VALUES (115, 'Luciana Santos Alves', 23);
INSERT INTO escola.ALUNO (ID_ALUNO, NOME, RESPONSAVEL_ID) VALUES (116, 'Pedro Henrique Rocha', 24);
INSERT INTO escola.ALUNO (ID_ALUNO, NOME, RESPONSAVEL_ID) VALUES (117, 'Julia Souza Costa', 24);
INSERT INTO escola.ALUNO (ID_ALUNO, NOME, RESPONSAVEL_ID) VALUES (118, 'Renato Pereira da Silva', 24);
INSERT INTO escola.ALUNO (ID_ALUNO, NOME, RESPONSAVEL_ID) VALUES (119, 'Fernanda Pereira Rocha', 24);
INSERT INTO escola.ALUNO (ID_ALUNO, NOME, RESPONSAVEL_ID) VALUES (120, 'Ricardo Lima Souza', 24);
INSERT INTO escola.ALUNO (ID_ALUNO, NOME, RESPONSAVEL_ID) VALUES (121, 'Isabela Costa Lima', 25);
INSERT INTO escola.ALUNO (ID_ALUNO, NOME, RESPONSAVEL_ID) VALUES (122, 'Daniela Rodrigues Oliveira', 25);
INSERT INTO escola.ALUNO (ID_ALUNO, NOME, RESPONSAVEL_ID) VALUES (123, 'Felipe Carvalho dos Santos', 25);
INSERT INTO escola.ALUNO (ID_ALUNO, NOME, RESPONSAVEL_ID) VALUES (124, 'Tatiane Santos Costa', 25);
INSERT INTO escola.ALUNO (ID_ALUNO, NOME, RESPONSAVEL_ID) VALUES (125, 'Gustavo Rocha Lima', 25);
INSERT INTO escola.ALUNO (ID_ALUNO, NOME, RESPONSAVEL_ID) VALUES (126, 'Beatriz Souza Oliveira', 26);
INSERT INTO escola.ALUNO (ID_ALUNO, NOME, RESPONSAVEL_ID) VALUES (127, 'Lucas Almeida Souza', 26);
INSERT INTO escola.ALUNO (ID_ALUNO, NOME, RESPONSAVEL_ID) VALUES (128, 'Simone Costa Ribeiro', 26);
INSERT INTO escola.ALUNO (ID_ALUNO, NOME, RESPONSAVEL_ID) VALUES (129, 'Bruno Silva Santos', 26);
INSERT INTO escola.ALUNO (ID_ALUNO, NOME, RESPONSAVEL_ID) VALUES (130, 'Carla Pereira de Lima', 26);
INSERT INTO escola.ALUNO (ID_ALUNO, NOME, RESPONSAVEL_ID) VALUES (131, 'Roberto Oliveira Rocha', 27);
INSERT INTO escola.ALUNO (ID_ALUNO, NOME, RESPONSAVEL_ID) VALUES (132, 'Amanda Souza Costa', 27);
INSERT INTO escola.ALUNO (ID_ALUNO, NOME, RESPONSAVEL_ID) VALUES (133, 'Giovanna Rocha Alves', 27);
INSERT INTO escola.ALUNO (ID_ALUNO, NOME, RESPONSAVEL_ID) VALUES (134, 'Diego Lima Souza', 27);
INSERT INTO escola.ALUNO (ID_ALUNO, NOME, RESPONSAVEL_ID) VALUES (135, 'Vanessa Oliveira Costa', 27);
INSERT INTO escola.ALUNO (ID_ALUNO, NOME, RESPONSAVEL_ID) VALUES (136, 'Adriano Costa Ferreira', 28);
INSERT INTO escola.ALUNO (ID_ALUNO, NOME, RESPONSAVEL_ID) VALUES (137, 'Larissa Pereira de Souza', 28);
INSERT INTO escola.ALUNO (ID_ALUNO, NOME, RESPONSAVEL_ID) VALUES (138, 'Marcelo Silva Lima', 28);
INSERT INTO escola.ALUNO (ID_ALUNO, NOME, RESPONSAVEL_ID) VALUES (139, 'Rafaela Costa Oliveira', 28);
INSERT INTO escola.ALUNO (ID_ALUNO, NOME, RESPONSAVEL_ID) VALUES (140, 'Vinícius Lima Santos', 28);
INSERT INTO escola.ALUNO (ID_ALUNO, NOME, RESPONSAVEL_ID) VALUES (141, 'Patricia Rocha Ferreira', 29);
INSERT INTO escola.ALUNO (ID_ALUNO, NOME, RESPONSAVEL_ID) VALUES (142, 'Fábio da Silva Costa', 29);
INSERT INTO escola.ALUNO (ID_ALUNO, NOME, RESPONSAVEL_ID) VALUES (143, 'Paula Lima Souza', 29);
INSERT INTO escola.ALUNO (ID_ALUNO, NOME, RESPONSAVEL_ID) VALUES (144, 'Ricardo Santos Oliveira', 29);
INSERT INTO escola.ALUNO (ID_ALUNO, NOME, RESPONSAVEL_ID) VALUES (145, 'Andréa Souza Lima', 29);
INSERT INTO escola.ALUNO (ID_ALUNO, NOME, RESPONSAVEL_ID) VALUES (146, 'Vitor Almeida Santos', 30);
INSERT INTO escola.ALUNO (ID_ALUNO, NOME, RESPONSAVEL_ID) VALUES (147, 'Cristina Costa Souza', 30);
INSERT INTO escola.ALUNO (ID_ALUNO, NOME, RESPONSAVEL_ID) VALUES (148, 'Fabiana Oliveira Santos', 30);
INSERT INTO escola.ALUNO (ID_ALUNO, NOME, RESPONSAVEL_ID) VALUES (149, 'Bruno Pereira Souza', 30);
INSERT INTO escola.ALUNO (ID_ALUNO, NOME, RESPONSAVEL_ID) VALUES (150, 'Juliana Lima Costa', 30);
INSERT INTO escola.MATRICULA (ID_MATRICULA, DATA_MATRICULA, ALUNO_ID) VALUES (1, TO_DATE('2025-07-28', 'YYYY-MM-DD'), 1);
INSERT INTO escola.MATRICULA (ID_MATRICULA, DATA_MATRICULA, ALUNO_ID) VALUES (2, TO_DATE('2025-09-06', 'YYYY-MM-DD'), 2);
INSERT INTO escola.MATRICULA (ID_MATRICULA, DATA_MATRICULA, ALUNO_ID) VALUES (3, TO_DATE('2025-06-10', 'YYYY-MM-DD'), 3);
INSERT INTO escola.MATRICULA (ID_MATRICULA, DATA_MATRICULA, ALUNO_ID) VALUES (4, TO_DATE('2025-06-15', 'YYYY-MM-DD'), 4);
INSERT INTO escola.MATRICULA (ID_MATRICULA, DATA_MATRICULA, ALUNO_ID) VALUES (5, TO_DATE('2025-09-25', 'YYYY-MM-DD'), 5);
INSERT INTO escola.MATRICULA (ID_MATRICULA, DATA_MATRICULA, ALUNO_ID) VALUES (6, TO_DATE('2025-11-03', 'YYYY-MM-DD'), 6);
INSERT INTO escola.MATRICULA (ID_MATRICULA, DATA_MATRICULA, ALUNO_ID) VALUES (7, TO_DATE('2025-06-24', 'YYYY-MM-DD'), 7);
INSERT INTO escola.MATRICULA (ID_MATRICULA, DATA_MATRICULA, ALUNO_ID) VALUES (8, TO_DATE('2025-12-07', 'YYYY-MM-DD'), 8);
INSERT INTO escola.MATRICULA (ID_MATRICULA, DATA_MATRICULA, ALUNO_ID) VALUES (9, TO_DATE('2025-07-05', 'YYYY-MM-DD'), 9);
INSERT INTO escola.MATRICULA (ID_MATRICULA, DATA_MATRICULA, ALUNO_ID) VALUES (10, TO_DATE('2025-02-03', 'YYYY-MM-DD'), 10);
INSERT INTO escola.MATRICULA (ID_MATRICULA, DATA_MATRICULA, ALUNO_ID) VALUES (11, TO_DATE('2025-05-16', 'YYYY-MM-DD'), 11);
INSERT INTO escola.MATRICULA (ID_MATRICULA, DATA_MATRICULA, ALUNO_ID) VALUES (12, TO_DATE('2025-01-18', 'YYYY-MM-DD'), 12);
INSERT INTO escola.MATRICULA (ID_MATRICULA, DATA_MATRICULA, ALUNO_ID) VALUES (13, TO_DATE('2025-10-04', 'YYYY-MM-DD'), 13);
INSERT INTO escola.MATRICULA (ID_MATRICULA, DATA_MATRICULA, ALUNO_ID) VALUES (14, TO_DATE('2025-12-23', 'YYYY-MM-DD'), 14);
INSERT INTO escola.MATRICULA (ID_MATRICULA, DATA_MATRICULA, ALUNO_ID) VALUES (15, TO_DATE('2025-12-26', 'YYYY-MM-DD'), 15);
INSERT INTO escola.MATRICULA (ID_MATRICULA, DATA_MATRICULA, ALUNO_ID) VALUES (16, TO_DATE('2025-12-15', 'YYYY-MM-DD'), 16);
INSERT INTO escola.MATRICULA (ID_MATRICULA, DATA_MATRICULA, ALUNO_ID) VALUES (17, TO_DATE('2025-05-20', 'YYYY-MM-DD'), 17);
INSERT INTO escola.MATRICULA (ID_MATRICULA, DATA_MATRICULA, ALUNO_ID) VALUES (18, TO_DATE('2025-07-02', 'YYYY-MM-DD'), 18);
INSERT INTO escola.MATRICULA (ID_MATRICULA, DATA_MATRICULA, ALUNO_ID) VALUES (19, TO_DATE('2025-12-19', 'YYYY-MM-DD'), 19);
INSERT INTO escola.MATRICULA (ID_MATRICULA, DATA_MATRICULA, ALUNO_ID) VALUES (20, TO_DATE('2025-06-16', 'YYYY-MM-DD'), 20);
INSERT INTO escola.MATRICULA (ID_MATRICULA, DATA_MATRICULA, ALUNO_ID) VALUES (21, TO_DATE('2025-01-14', 'YYYY-MM-DD'), 21);
INSERT INTO escola.MATRICULA (ID_MATRICULA, DATA_MATRICULA, ALUNO_ID) VALUES (22, TO_DATE('2025-09-20', 'YYYY-MM-DD'), 22);
INSERT INTO escola.MATRICULA (ID_MATRICULA, DATA_MATRICULA, ALUNO_ID) VALUES (23, TO_DATE('2025-02-20', 'YYYY-MM-DD'), 23);
INSERT INTO escola.MATRICULA (ID_MATRICULA, DATA_MATRICULA, ALUNO_ID) VALUES (24, TO_DATE('2025-07-28', 'YYYY-MM-DD'), 24);
INSERT INTO escola.MATRICULA (ID_MATRICULA, DATA_MATRICULA, ALUNO_ID) VALUES (25, TO_DATE('2025-05-20', 'YYYY-MM-DD'), 25);
INSERT INTO escola.MATRICULA (ID_MATRICULA, DATA_MATRICULA, ALUNO_ID) VALUES (26, TO_DATE('2025-03-28', 'YYYY-MM-DD'), 26);
INSERT INTO escola.MATRICULA (ID_MATRICULA, DATA_MATRICULA, ALUNO_ID) VALUES (27, TO_DATE('2025-06-05', 'YYYY-MM-DD'), 27);
INSERT INTO escola.MATRICULA (ID_MATRICULA, DATA_MATRICULA, ALUNO_ID) VALUES (28, TO_DATE('2025-04-15', 'YYYY-MM-DD'), 28);
INSERT INTO escola.MATRICULA (ID_MATRICULA, DATA_MATRICULA, ALUNO_ID) VALUES (29, TO_DATE('2025-05-01', 'YYYY-MM-DD'), 29);
INSERT INTO escola.MATRICULA (ID_MATRICULA, DATA_MATRICULA, ALUNO_ID) VALUES (30, TO_DATE('2025-02-12', 'YYYY-MM-DD'), 30);
INSERT INTO escola.MATRICULA (ID_MATRICULA, DATA_MATRICULA, ALUNO_ID) VALUES (31, TO_DATE('2025-06-13', 'YYYY-MM-DD'), 31);
INSERT INTO escola.MATRICULA (ID_MATRICULA, DATA_MATRICULA, ALUNO_ID) VALUES (32, TO_DATE('2025-04-16', 'YYYY-MM-DD'), 32);
INSERT INTO escola.MATRICULA (ID_MATRICULA, DATA_MATRICULA, ALUNO_ID) VALUES (33, TO_DATE('2025-05-22', 'YYYY-MM-DD'), 33);
INSERT INTO escola.MATRICULA (ID_MATRICULA, DATA_MATRICULA, ALUNO_ID) VALUES (34, TO_DATE('2025-05-01', 'YYYY-MM-DD'), 34);
INSERT INTO escola.MATRICULA (ID_MATRICULA, DATA_MATRICULA, ALUNO_ID) VALUES (35, TO_DATE('2025-09-26', 'YYYY-MM-DD'), 35);
INSERT INTO escola.MATRICULA (ID_MATRICULA, DATA_MATRICULA, ALUNO_ID) VALUES (36, TO_DATE('2025-12-14', 'YYYY-MM-DD'), 36);
INSERT INTO escola.MATRICULA (ID_MATRICULA, DATA_MATRICULA, ALUNO_ID) VALUES (37, TO_DATE('2025-02-21', 'YYYY-MM-DD'), 37);
INSERT INTO escola.MATRICULA (ID_MATRICULA, DATA_MATRICULA, ALUNO_ID) VALUES (38, TO_DATE('2025-05-04', 'YYYY-MM-DD'), 38);
INSERT INTO escola.MATRICULA (ID_MATRICULA, DATA_MATRICULA, ALUNO_ID) VALUES (39, TO_DATE('2025-07-02', 'YYYY-MM-DD'), 39);
INSERT INTO escola.MATRICULA (ID_MATRICULA, DATA_MATRICULA, ALUNO_ID) VALUES (40, TO_DATE('2025-08-18', 'YYYY-MM-DD'), 40);
INSERT INTO escola.MATRICULA (ID_MATRICULA, DATA_MATRICULA, ALUNO_ID) VALUES (41, TO_DATE('2025-01-23', 'YYYY-MM-DD'), 41);
INSERT INTO escola.MATRICULA (ID_MATRICULA, DATA_MATRICULA, ALUNO_ID) VALUES (42, TO_DATE('2025-04-07', 'YYYY-MM-DD'), 42);
INSERT INTO escola.MATRICULA (ID_MATRICULA, DATA_MATRICULA, ALUNO_ID) VALUES (43, TO_DATE('2025-05-14', 'YYYY-MM-DD'), 43);
INSERT INTO escola.MATRICULA (ID_MATRICULA, DATA_MATRICULA, ALUNO_ID) VALUES (44, TO_DATE('2025-05-22', 'YYYY-MM-DD'), 44);
INSERT INTO escola.MATRICULA (ID_MATRICULA, DATA_MATRICULA, ALUNO_ID) VALUES (45, TO_DATE('2025-04-21', 'YYYY-MM-DD'), 45);
INSERT INTO escola.MATRICULA (ID_MATRICULA, DATA_MATRICULA, ALUNO_ID) VALUES (46, TO_DATE('2025-10-03', 'YYYY-MM-DD'), 46);
INSERT INTO escola.MATRICULA (ID_MATRICULA, DATA_MATRICULA, ALUNO_ID) VALUES (47, TO_DATE('2025-07-18', 'YYYY-MM-DD'), 47);
INSERT INTO escola.MATRICULA (ID_MATRICULA, DATA_MATRICULA, ALUNO_ID) VALUES (48, TO_DATE('2025-04-10', 'YYYY-MM-DD'), 48);
INSERT INTO escola.MATRICULA (ID_MATRICULA, DATA_MATRICULA, ALUNO_ID) VALUES (49, TO_DATE('2025-09-19', 'YYYY-MM-DD'), 49);
INSERT INTO escola.MATRICULA (ID_MATRICULA, DATA_MATRICULA, ALUNO_ID) VALUES (50, TO_DATE('2025-04-16', 'YYYY-MM-DD'), 50);
INSERT INTO escola.MATRICULA (ID_MATRICULA, DATA_MATRICULA, ALUNO_ID) VALUES (51, TO_DATE('2025-04-18', 'YYYY-MM-DD'), 51);
INSERT INTO escola.MATRICULA (ID_MATRICULA, DATA_MATRICULA, ALUNO_ID) VALUES (52, TO_DATE('2025-11-21', 'YYYY-MM-DD'), 52);
INSERT INTO escola.MATRICULA (ID_MATRICULA, DATA_MATRICULA, ALUNO_ID) VALUES (53, TO_DATE('2025-12-03', 'YYYY-MM-DD'), 53);
INSERT INTO escola.MATRICULA (ID_MATRICULA, DATA_MATRICULA, ALUNO_ID) VALUES (54, TO_DATE('2025-12-15', 'YYYY-MM-DD'), 54);
INSERT INTO escola.MATRICULA (ID_MATRICULA, DATA_MATRICULA, ALUNO_ID) VALUES (55, TO_DATE('2025-09-23', 'YYYY-MM-DD'), 55);
INSERT INTO escola.MATRICULA (ID_MATRICULA, DATA_MATRICULA, ALUNO_ID) VALUES (56, TO_DATE('2025-07-01', 'YYYY-MM-DD'), 56);
INSERT INTO escola.MATRICULA (ID_MATRICULA, DATA_MATRICULA, ALUNO_ID) VALUES (57, TO_DATE('2025-09-09', 'YYYY-MM-DD'), 57);
INSERT INTO escola.MATRICULA (ID_MATRICULA, DATA_MATRICULA, ALUNO_ID) VALUES (58, TO_DATE('2025-10-23', 'YYYY-MM-DD'), 58);
INSERT INTO escola.MATRICULA (ID_MATRICULA, DATA_MATRICULA, ALUNO_ID) VALUES (59, TO_DATE('2025-04-13', 'YYYY-MM-DD'), 59);
INSERT INTO escola.MATRICULA (ID_MATRICULA, DATA_MATRICULA, ALUNO_ID) VALUES (60, TO_DATE('2025-09-05', 'YYYY-MM-DD'), 60);
INSERT INTO escola.MATRICULA (ID_MATRICULA, DATA_MATRICULA, ALUNO_ID) VALUES (61, TO_DATE('2025-06-25', 'YYYY-MM-DD'), 61);
INSERT INTO escola.MATRICULA (ID_MATRICULA, DATA_MATRICULA, ALUNO_ID) VALUES (62, TO_DATE('2025-08-15', 'YYYY-MM-DD'), 62);
INSERT INTO escola.MATRICULA (ID_MATRICULA, DATA_MATRICULA, ALUNO_ID) VALUES (63, TO_DATE('2025-12-09', 'YYYY-MM-DD'), 63);
INSERT INTO escola.MATRICULA (ID_MATRICULA, DATA_MATRICULA, ALUNO_ID) VALUES (64, TO_DATE('2025-08-15', 'YYYY-MM-DD'), 64);
INSERT INTO escola.MATRICULA (ID_MATRICULA, DATA_MATRICULA, ALUNO_ID) VALUES (65, TO_DATE('2025-07-09', 'YYYY-MM-DD'), 65);
INSERT INTO escola.MATRICULA (ID_MATRICULA, DATA_MATRICULA, ALUNO_ID) VALUES (66, TO_DATE('2025-12-18', 'YYYY-MM-DD'), 66);
INSERT INTO escola.MATRICULA (ID_MATRICULA, DATA_MATRICULA, ALUNO_ID) VALUES (67, TO_DATE('2025-09-08', 'YYYY-MM-DD'), 67);
INSERT INTO escola.MATRICULA (ID_MATRICULA, DATA_MATRICULA, ALUNO_ID) VALUES (68, TO_DATE('2025-08-06', 'YYYY-MM-DD'), 68);
INSERT INTO escola.MATRICULA (ID_MATRICULA, DATA_MATRICULA, ALUNO_ID) VALUES (69, TO_DATE('2025-01-09', 'YYYY-MM-DD'), 69);
INSERT INTO escola.MATRICULA (ID_MATRICULA, DATA_MATRICULA, ALUNO_ID) VALUES (70, TO_DATE('2025-08-05', 'YYYY-MM-DD'), 70);
INSERT INTO escola.MATRICULA (ID_MATRICULA, DATA_MATRICULA, ALUNO_ID) VALUES (71, TO_DATE('2025-01-01', 'YYYY-MM-DD'), 71);
INSERT INTO escola.MATRICULA (ID_MATRICULA, DATA_MATRICULA, ALUNO_ID) VALUES (72, TO_DATE('2025-01-16', 'YYYY-MM-DD'), 72);
INSERT INTO escola.MATRICULA (ID_MATRICULA, DATA_MATRICULA, ALUNO_ID) VALUES (73, TO_DATE('2025-02-27', 'YYYY-MM-DD'), 73);
INSERT INTO escola.MATRICULA (ID_MATRICULA, DATA_MATRICULA, ALUNO_ID) VALUES (74, TO_DATE('2025-08-12', 'YYYY-MM-DD'), 74);
INSERT INTO escola.MATRICULA (ID_MATRICULA, DATA_MATRICULA, ALUNO_ID) VALUES (75, TO_DATE('2025-11-28', 'YYYY-MM-DD'), 75);
INSERT INTO escola.MATRICULA (ID_MATRICULA, DATA_MATRICULA, ALUNO_ID) VALUES (76, TO_DATE('2025-04-22', 'YYYY-MM-DD'), 76);
INSERT INTO escola.MATRICULA (ID_MATRICULA, DATA_MATRICULA, ALUNO_ID) VALUES (77, TO_DATE('2025-06-26', 'YYYY-MM-DD'), 77);
INSERT INTO escola.MATRICULA (ID_MATRICULA, DATA_MATRICULA, ALUNO_ID) VALUES (78, TO_DATE('2025-09-11', 'YYYY-MM-DD'), 78);
INSERT INTO escola.MATRICULA (ID_MATRICULA, DATA_MATRICULA, ALUNO_ID) VALUES (79, TO_DATE('2025-06-20', 'YYYY-MM-DD'), 79);
INSERT INTO escola.MATRICULA (ID_MATRICULA, DATA_MATRICULA, ALUNO_ID) VALUES (80, TO_DATE('2025-03-24', 'YYYY-MM-DD'), 80);
INSERT INTO escola.MATRICULA (ID_MATRICULA, DATA_MATRICULA, ALUNO_ID) VALUES (81, TO_DATE('2025-10-14', 'YYYY-MM-DD'), 81);
INSERT INTO escola.MATRICULA (ID_MATRICULA, DATA_MATRICULA, ALUNO_ID) VALUES (82, TO_DATE('2025-07-05', 'YYYY-MM-DD'), 82);
INSERT INTO escola.MATRICULA (ID_MATRICULA, DATA_MATRICULA, ALUNO_ID) VALUES (83, TO_DATE('2025-04-15', 'YYYY-MM-DD'), 83);
INSERT INTO escola.MATRICULA (ID_MATRICULA, DATA_MATRICULA, ALUNO_ID) VALUES (84, TO_DATE('2025-02-05', 'YYYY-MM-DD'), 84);
INSERT INTO escola.MATRICULA (ID_MATRICULA, DATA_MATRICULA, ALUNO_ID) VALUES (85, TO_DATE('2025-12-06', 'YYYY-MM-DD'), 85);
INSERT INTO escola.MATRICULA (ID_MATRICULA, DATA_MATRICULA, ALUNO_ID) VALUES (86, TO_DATE('2025-08-16', 'YYYY-MM-DD'), 86);
INSERT INTO escola.MATRICULA (ID_MATRICULA, DATA_MATRICULA, ALUNO_ID) VALUES (87, TO_DATE('2025-05-27', 'YYYY-MM-DD'), 87);
INSERT INTO escola.MATRICULA (ID_MATRICULA, DATA_MATRICULA, ALUNO_ID) VALUES (88, TO_DATE('2025-08-25', 'YYYY-MM-DD'), 88);
INSERT INTO escola.MATRICULA (ID_MATRICULA, DATA_MATRICULA, ALUNO_ID) VALUES (89, TO_DATE('2025-04-16', 'YYYY-MM-DD'), 89);
INSERT INTO escola.MATRICULA (ID_MATRICULA, DATA_MATRICULA, ALUNO_ID) VALUES (90, TO_DATE('2025-10-17', 'YYYY-MM-DD'), 90);
INSERT INTO escola.MATRICULA (ID_MATRICULA, DATA_MATRICULA, ALUNO_ID) VALUES (91, TO_DATE('2025-10-20', 'YYYY-MM-DD'), 91);
INSERT INTO escola.MATRICULA (ID_MATRICULA, DATA_MATRICULA, ALUNO_ID) VALUES (92, TO_DATE('2025-05-15', 'YYYY-MM-DD'), 92);
INSERT INTO escola.MATRICULA (ID_MATRICULA, DATA_MATRICULA, ALUNO_ID) VALUES (93, TO_DATE('2025-04-15', 'YYYY-MM-DD'), 93);
INSERT INTO escola.MATRICULA (ID_MATRICULA, DATA_MATRICULA, ALUNO_ID) VALUES (94, TO_DATE('2025-12-28', 'YYYY-MM-DD'), 94);
INSERT INTO escola.MATRICULA (ID_MATRICULA, DATA_MATRICULA, ALUNO_ID) VALUES (95, TO_DATE('2025-12-12', 'YYYY-MM-DD'), 95);
INSERT INTO escola.MATRICULA (ID_MATRICULA, DATA_MATRICULA, ALUNO_ID) VALUES (96, TO_DATE('2025-08-03', 'YYYY-MM-DD'), 96);
INSERT INTO escola.MATRICULA (ID_MATRICULA, DATA_MATRICULA, ALUNO_ID) VALUES (97, TO_DATE('2025-08-25', 'YYYY-MM-DD'), 97);
INSERT INTO escola.MATRICULA (ID_MATRICULA, DATA_MATRICULA, ALUNO_ID) VALUES (98, TO_DATE('2025-06-16', 'YYYY-MM-DD'), 98);
INSERT INTO escola.MATRICULA (ID_MATRICULA, DATA_MATRICULA, ALUNO_ID) VALUES (99, TO_DATE('2025-02-10', 'YYYY-MM-DD'), 99);
INSERT INTO escola.MATRICULA (ID_MATRICULA, DATA_MATRICULA, ALUNO_ID) VALUES (100, TO_DATE('2025-01-06', 'YYYY-MM-DD'), 100);
INSERT INTO escola.MATRICULA (ID_MATRICULA, DATA_MATRICULA, ALUNO_ID) VALUES (101, TO_DATE('2025-06-21', 'YYYY-MM-DD'), 101);
INSERT INTO escola.MATRICULA (ID_MATRICULA, DATA_MATRICULA, ALUNO_ID) VALUES (102, TO_DATE('2025-03-04', 'YYYY-MM-DD'), 102);
INSERT INTO escola.MATRICULA (ID_MATRICULA, DATA_MATRICULA, ALUNO_ID) VALUES (103, TO_DATE('2025-10-20', 'YYYY-MM-DD'), 103);
INSERT INTO escola.MATRICULA (ID_MATRICULA, DATA_MATRICULA, ALUNO_ID) VALUES (104, TO_DATE('2025-11-05', 'YYYY-MM-DD'), 104);
INSERT INTO escola.MATRICULA (ID_MATRICULA, DATA_MATRICULA, ALUNO_ID) VALUES (105, TO_DATE('2025-09-14', 'YYYY-MM-DD'), 105);
INSERT INTO escola.MATRICULA (ID_MATRICULA, DATA_MATRICULA, ALUNO_ID) VALUES (106, TO_DATE('2025-07-06', 'YYYY-MM-DD'), 106);
INSERT INTO escola.MATRICULA (ID_MATRICULA, DATA_MATRICULA, ALUNO_ID) VALUES (107, TO_DATE('2025-06-03', 'YYYY-MM-DD'), 107);
INSERT INTO escola.MATRICULA (ID_MATRICULA, DATA_MATRICULA, ALUNO_ID) VALUES (108, TO_DATE('2025-11-28', 'YYYY-MM-DD'), 108);
INSERT INTO escola.MATRICULA (ID_MATRICULA, DATA_MATRICULA, ALUNO_ID) VALUES (109, TO_DATE('2025-04-27', 'YYYY-MM-DD'), 109);
INSERT INTO escola.MATRICULA (ID_MATRICULA, DATA_MATRICULA, ALUNO_ID) VALUES (110, TO_DATE('2025-10-03', 'YYYY-MM-DD'), 110);
INSERT INTO escola.MATRICULA (ID_MATRICULA, DATA_MATRICULA, ALUNO_ID) VALUES (111, TO_DATE('2025-03-27', 'YYYY-MM-DD'), 111);
INSERT INTO escola.MATRICULA (ID_MATRICULA, DATA_MATRICULA, ALUNO_ID) VALUES (112, TO_DATE('2025-01-18', 'YYYY-MM-DD'), 112);
INSERT INTO escola.MATRICULA (ID_MATRICULA, DATA_MATRICULA, ALUNO_ID) VALUES (113, TO_DATE('2025-06-24', 'YYYY-MM-DD'), 113);
INSERT INTO escola.MATRICULA (ID_MATRICULA, DATA_MATRICULA, ALUNO_ID) VALUES (114, TO_DATE('2025-05-08', 'YYYY-MM-DD'), 114);
INSERT INTO escola.MATRICULA (ID_MATRICULA, DATA_MATRICULA, ALUNO_ID) VALUES (115, TO_DATE('2025-12-14', 'YYYY-MM-DD'), 115);
INSERT INTO escola.MATRICULA (ID_MATRICULA, DATA_MATRICULA, ALUNO_ID) VALUES (116, TO_DATE('2025-08-28', 'YYYY-MM-DD'), 116);
INSERT INTO escola.MATRICULA (ID_MATRICULA, DATA_MATRICULA, ALUNO_ID) VALUES (117, TO_DATE('2025-03-10', 'YYYY-MM-DD'), 117);
INSERT INTO escola.MATRICULA (ID_MATRICULA, DATA_MATRICULA, ALUNO_ID) VALUES (118, TO_DATE('2025-06-22', 'YYYY-MM-DD'), 118);
INSERT INTO escola.MATRICULA (ID_MATRICULA, DATA_MATRICULA, ALUNO_ID) VALUES (119, TO_DATE('2025-03-22', 'YYYY-MM-DD'), 119);
INSERT INTO escola.MATRICULA (ID_MATRICULA, DATA_MATRICULA, ALUNO_ID) VALUES (120, TO_DATE('2025-07-23', 'YYYY-MM-DD'), 120);
INSERT INTO escola.MATRICULA (ID_MATRICULA, DATA_MATRICULA, ALUNO_ID) VALUES (121, TO_DATE('2025-03-26', 'YYYY-MM-DD'), 121);
INSERT INTO escola.MATRICULA (ID_MATRICULA, DATA_MATRICULA, ALUNO_ID) VALUES (122, TO_DATE('2025-06-14', 'YYYY-MM-DD'), 122);
INSERT INTO escola.MATRICULA (ID_MATRICULA, DATA_MATRICULA, ALUNO_ID) VALUES (123, TO_DATE('2025-09-25', 'YYYY-MM-DD'), 123);
INSERT INTO escola.MATRICULA (ID_MATRICULA, DATA_MATRICULA, ALUNO_ID) VALUES (124, TO_DATE('2025-04-25', 'YYYY-MM-DD'), 124);
INSERT INTO escola.MATRICULA (ID_MATRICULA, DATA_MATRICULA, ALUNO_ID) VALUES (125, TO_DATE('2025-07-06', 'YYYY-MM-DD'), 125);
INSERT INTO escola.MATRICULA (ID_MATRICULA, DATA_MATRICULA, ALUNO_ID) VALUES (126, TO_DATE('2025-09-22', 'YYYY-MM-DD'), 126);
INSERT INTO escola.MATRICULA (ID_MATRICULA, DATA_MATRICULA, ALUNO_ID) VALUES (127, TO_DATE('2025-11-27', 'YYYY-MM-DD'), 127);
INSERT INTO escola.MATRICULA (ID_MATRICULA, DATA_MATRICULA, ALUNO_ID) VALUES (128, TO_DATE('2025-12-26', 'YYYY-MM-DD'), 128);
INSERT INTO escola.MATRICULA (ID_MATRICULA, DATA_MATRICULA, ALUNO_ID) VALUES (129, TO_DATE('2025-07-24', 'YYYY-MM-DD'), 129);
INSERT INTO escola.MATRICULA (ID_MATRICULA, DATA_MATRICULA, ALUNO_ID) VALUES (130, TO_DATE('2025-04-02', 'YYYY-MM-DD'), 130);
INSERT INTO escola.MATRICULA (ID_MATRICULA, DATA_MATRICULA, ALUNO_ID) VALUES (131, TO_DATE('2025-10-06', 'YYYY-MM-DD'), 131);
INSERT INTO escola.MATRICULA (ID_MATRICULA, DATA_MATRICULA, ALUNO_ID) VALUES (132, TO_DATE('2025-02-14', 'YYYY-MM-DD'), 132);
INSERT INTO escola.MATRICULA (ID_MATRICULA, DATA_MATRICULA, ALUNO_ID) VALUES (133, TO_DATE('2025-09-08', 'YYYY-MM-DD'), 133);
INSERT INTO escola.MATRICULA (ID_MATRICULA, DATA_MATRICULA, ALUNO_ID) VALUES (134, TO_DATE('2025-07-22', 'YYYY-MM-DD'), 134);
INSERT INTO escola.MATRICULA (ID_MATRICULA, DATA_MATRICULA, ALUNO_ID) VALUES (135, TO_DATE('2025-06-18', 'YYYY-MM-DD'), 135);
INSERT INTO escola.MATRICULA (ID_MATRICULA, DATA_MATRICULA, ALUNO_ID) VALUES (136, TO_DATE('2025-04-13', 'YYYY-MM-DD'), 136);
INSERT INTO escola.MATRICULA (ID_MATRICULA, DATA_MATRICULA, ALUNO_ID) VALUES (137, TO_DATE('2025-08-13', 'YYYY-MM-DD'), 137);
INSERT INTO escola.MATRICULA (ID_MATRICULA, DATA_MATRICULA, ALUNO_ID) VALUES (138, TO_DATE('2025-05-01', 'YYYY-MM-DD'), 138);
INSERT INTO escola.MATRICULA (ID_MATRICULA, DATA_MATRICULA, ALUNO_ID) VALUES (139, TO_DATE('2025-04-28', 'YYYY-MM-DD'), 139);
INSERT INTO escola.MATRICULA (ID_MATRICULA, DATA_MATRICULA, ALUNO_ID) VALUES (140, TO_DATE('2025-11-20', 'YYYY-MM-DD'), 140);
INSERT INTO escola.MATRICULA (ID_MATRICULA, DATA_MATRICULA, ALUNO_ID) VALUES (141, TO_DATE('2025-05-24', 'YYYY-MM-DD'), 141);
INSERT INTO escola.MATRICULA (ID_MATRICULA, DATA_MATRICULA, ALUNO_ID) VALUES (142, TO_DATE('2025-01-09', 'YYYY-MM-DD'), 142);
INSERT INTO escola.MATRICULA (ID_MATRICULA, DATA_MATRICULA, ALUNO_ID) VALUES (143, TO_DATE('2025-11-05', 'YYYY-MM-DD'), 143);
INSERT INTO escola.MATRICULA (ID_MATRICULA, DATA_MATRICULA, ALUNO_ID) VALUES (144, TO_DATE('2025-04-13', 'YYYY-MM-DD'), 144);
INSERT INTO escola.MATRICULA (ID_MATRICULA, DATA_MATRICULA, ALUNO_ID) VALUES (145, TO_DATE('2025-11-24', 'YYYY-MM-DD'), 145);
INSERT INTO escola.MATRICULA (ID_MATRICULA, DATA_MATRICULA, ALUNO_ID) VALUES (146, TO_DATE('2025-01-18', 'YYYY-MM-DD'), 146);
INSERT INTO escola.MATRICULA (ID_MATRICULA, DATA_MATRICULA, ALUNO_ID) VALUES (147, TO_DATE('2025-11-03', 'YYYY-MM-DD'), 147);
INSERT INTO escola.MATRICULA (ID_MATRICULA, DATA_MATRICULA, ALUNO_ID) VALUES (148, TO_DATE('2025-05-16', 'YYYY-MM-DD'), 148);
INSERT INTO escola.MATRICULA (ID_MATRICULA, DATA_MATRICULA, ALUNO_ID) VALUES (149, TO_DATE('2025-06-01', 'YYYY-MM-DD'), 149);
INSERT INTO escola.MATRICULA (ID_MATRICULA, DATA_MATRICULA, ALUNO_ID) VALUES (150, TO_DATE('2025-01-09', 'YYYY-MM-DD'), 150);
INSERT INTO escola.PAGAMENTO (ID_PAGAMENTO, VALOR, DATA_PAGAMENTO, STATUS, ALUNO_ID) VALUES (1, 1315.52, TO_DATE('2025-05-13', 'YYYY-MM-DD'), 'PAGO', 1);
INSERT INTO escola.PAGAMENTO (ID_PAGAMENTO, VALOR, DATA_PAGAMENTO, STATUS, ALUNO_ID) VALUES (2, 2048.54, TO_DATE('2025-08-20', 'YYYY-MM-DD'), 'PENDENTE', 2);
INSERT INTO escola.PAGAMENTO (ID_PAGAMENTO, VALOR, DATA_PAGAMENTO, STATUS, ALUNO_ID) VALUES (3, 1410.33, TO_DATE('2025-02-10', 'YYYY-MM-DD'), 'PAGO', 3);
INSERT INTO escola.PAGAMENTO (ID_PAGAMENTO, VALOR, DATA_PAGAMENTO, STATUS, ALUNO_ID) VALUES (4, 2283.15, TO_DATE('2025-05-21', 'YYYY-MM-DD'), 'PAGO', 4);
INSERT INTO escola.PAGAMENTO (ID_PAGAMENTO, VALOR, DATA_PAGAMENTO, STATUS, ALUNO_ID) VALUES (5, 2333.63, TO_DATE('2025-10-14', 'YYYY-MM-DD'), 'PENDENTE', 5);
INSERT INTO escola.PAGAMENTO (ID_PAGAMENTO, VALOR, DATA_PAGAMENTO, STATUS, ALUNO_ID) VALUES (6, 2457.3, TO_DATE('2025-09-11', 'YYYY-MM-DD'), 'PENDENTE', 6);
INSERT INTO escola.PAGAMENTO (ID_PAGAMENTO, VALOR, DATA_PAGAMENTO, STATUS, ALUNO_ID) VALUES (7, 1316.69, TO_DATE('2025-09-10', 'YYYY-MM-DD'), 'PAGO', 7);
INSERT INTO escola.PAGAMENTO (ID_PAGAMENTO, VALOR, DATA_PAGAMENTO, STATUS, ALUNO_ID) VALUES (8, 1064.34, TO_DATE('2025-02-18', 'YYYY-MM-DD'), 'PENDENTE', 8);
INSERT INTO escola.PAGAMENTO (ID_PAGAMENTO, VALOR, DATA_PAGAMENTO, STATUS, ALUNO_ID) VALUES (9, 1608.65, TO_DATE('2025-07-02', 'YYYY-MM-DD'), 'PENDENTE', 9);
INSERT INTO escola.PAGAMENTO (ID_PAGAMENTO, VALOR, DATA_PAGAMENTO, STATUS, ALUNO_ID) VALUES (10, 1433.74, TO_DATE('2025-01-16', 'YYYY-MM-DD'), 'PENDENTE', 10);
INSERT INTO escola.PAGAMENTO (ID_PAGAMENTO, VALOR, DATA_PAGAMENTO, STATUS, ALUNO_ID) VALUES (11, 2429.45, TO_DATE('2025-02-07', 'YYYY-MM-DD'), 'PAGO', 11);
INSERT INTO escola.PAGAMENTO (ID_PAGAMENTO, VALOR, DATA_PAGAMENTO, STATUS, ALUNO_ID) VALUES (12, 1997.63, TO_DATE('2025-07-19', 'YYYY-MM-DD'), 'PENDENTE', 12);
INSERT INTO escola.PAGAMENTO (ID_PAGAMENTO, VALOR, DATA_PAGAMENTO, STATUS, ALUNO_ID) VALUES (13, 2055.39, TO_DATE('2025-12-08', 'YYYY-MM-DD'), 'PAGO', 13);
INSERT INTO escola.PAGAMENTO (ID_PAGAMENTO, VALOR, DATA_PAGAMENTO, STATUS, ALUNO_ID) VALUES (14, 2439.39, TO_DATE('2025-08-21', 'YYYY-MM-DD'), 'PENDENTE', 14);
INSERT INTO escola.PAGAMENTO (ID_PAGAMENTO, VALOR, DATA_PAGAMENTO, STATUS, ALUNO_ID) VALUES (15, 2494.44, TO_DATE('2025-03-05', 'YYYY-MM-DD'), 'PAGO', 15);
INSERT INTO escola.PAGAMENTO (ID_PAGAMENTO, VALOR, DATA_PAGAMENTO, STATUS, ALUNO_ID) VALUES (16, 1526.3, TO_DATE('2025-06-15', 'YYYY-MM-DD'), 'PAGO', 16);
INSERT INTO escola.PAGAMENTO (ID_PAGAMENTO, VALOR, DATA_PAGAMENTO, STATUS, ALUNO_ID) VALUES (17, 2174.99, TO_DATE('2025-08-15', 'YYYY-MM-DD'), 'PENDENTE', 17);
INSERT INTO escola.PAGAMENTO (ID_PAGAMENTO, VALOR, DATA_PAGAMENTO, STATUS, ALUNO_ID) VALUES (18, 1358.46, TO_DATE('2025-04-11', 'YYYY-MM-DD'), 'PAGO', 18);
INSERT INTO escola.PAGAMENTO (ID_PAGAMENTO, VALOR, DATA_PAGAMENTO, STATUS, ALUNO_ID) VALUES (19, 2443.43, TO_DATE('2025-03-26', 'YYYY-MM-DD'), 'PENDENTE', 19);
INSERT INTO escola.PAGAMENTO (ID_PAGAMENTO, VALOR, DATA_PAGAMENTO, STATUS, ALUNO_ID) VALUES (20, 1001.28, TO_DATE('2025-09-15', 'YYYY-MM-DD'), 'PENDENTE', 20);
INSERT INTO escola.PAGAMENTO (ID_PAGAMENTO, VALOR, DATA_PAGAMENTO, STATUS, ALUNO_ID) VALUES (21, 1536.45, TO_DATE('2025-07-14', 'YYYY-MM-DD'), 'PENDENTE', 21);
INSERT INTO escola.PAGAMENTO (ID_PAGAMENTO, VALOR, DATA_PAGAMENTO, STATUS, ALUNO_ID) VALUES (22, 2493.43, TO_DATE('2025-10-20', 'YYYY-MM-DD'), 'PAGO', 22);
INSERT INTO escola.PAGAMENTO (ID_PAGAMENTO, VALOR, DATA_PAGAMENTO, STATUS, ALUNO_ID) VALUES (23, 1734.17, TO_DATE('2025-05-11', 'YYYY-MM-DD'), 'PAGO', 23);
INSERT INTO escola.PAGAMENTO (ID_PAGAMENTO, VALOR, DATA_PAGAMENTO, STATUS, ALUNO_ID) VALUES (24, 1548.07, TO_DATE('2025-12-21', 'YYYY-MM-DD'), 'PENDENTE', 24);
INSERT INTO escola.PAGAMENTO (ID_PAGAMENTO, VALOR, DATA_PAGAMENTO, STATUS, ALUNO_ID) VALUES (25, 1496.4, TO_DATE('2025-02-08', 'YYYY-MM-DD'), 'PAGO', 25);
INSERT INTO escola.PAGAMENTO (ID_PAGAMENTO, VALOR, DATA_PAGAMENTO, STATUS, ALUNO_ID) VALUES (26, 1153.46, TO_DATE('2025-02-03', 'YYYY-MM-DD'), 'PENDENTE', 26);
INSERT INTO escola.PAGAMENTO (ID_PAGAMENTO, VALOR, DATA_PAGAMENTO, STATUS, ALUNO_ID) VALUES (27, 2497.9, TO_DATE('2025-03-16', 'YYYY-MM-DD'), 'PAGO', 27);
INSERT INTO escola.PAGAMENTO (ID_PAGAMENTO, VALOR, DATA_PAGAMENTO, STATUS, ALUNO_ID) VALUES (28, 1002.81, TO_DATE('2025-09-07', 'YYYY-MM-DD'), 'PENDENTE', 28);
INSERT INTO escola.PAGAMENTO (ID_PAGAMENTO, VALOR, DATA_PAGAMENTO, STATUS, ALUNO_ID) VALUES (29, 2441.16, TO_DATE('2025-01-05', 'YYYY-MM-DD'), 'PAGO', 29);
INSERT INTO escola.PAGAMENTO (ID_PAGAMENTO, VALOR, DATA_PAGAMENTO, STATUS, ALUNO_ID) VALUES (30, 1133.18, TO_DATE('2025-12-21', 'YYYY-MM-DD'), 'PENDENTE', 30);
INSERT INTO escola.PAGAMENTO (ID_PAGAMENTO, VALOR, DATA_PAGAMENTO, STATUS, ALUNO_ID) VALUES (31, 1339.69, TO_DATE('2025-10-17', 'YYYY-MM-DD'), 'PENDENTE', 31);
INSERT INTO escola.PAGAMENTO (ID_PAGAMENTO, VALOR, DATA_PAGAMENTO, STATUS, ALUNO_ID) VALUES (32, 2367.77, TO_DATE('2025-05-07', 'YYYY-MM-DD'), 'PAGO', 32);
INSERT INTO escola.PAGAMENTO (ID_PAGAMENTO, VALOR, DATA_PAGAMENTO, STATUS, ALUNO_ID) VALUES (33, 1542.68, TO_DATE('2025-01-15', 'YYYY-MM-DD'), 'PAGO', 33);
INSERT INTO escola.PAGAMENTO (ID_PAGAMENTO, VALOR, DATA_PAGAMENTO, STATUS, ALUNO_ID) VALUES (34, 2205.66, TO_DATE('2025-08-26', 'YYYY-MM-DD'), 'PAGO', 34);
INSERT INTO escola.PAGAMENTO (ID_PAGAMENTO, VALOR, DATA_PAGAMENTO, STATUS, ALUNO_ID) VALUES (35, 2310.73, TO_DATE('2025-12-15', 'YYYY-MM-DD'), 'PENDENTE', 35);
INSERT INTO escola.PAGAMENTO (ID_PAGAMENTO, VALOR, DATA_PAGAMENTO, STATUS, ALUNO_ID) VALUES (36, 1905.49, TO_DATE('2025-02-21', 'YYYY-MM-DD'), 'PENDENTE', 36);
INSERT INTO escola.PAGAMENTO (ID_PAGAMENTO, VALOR, DATA_PAGAMENTO, STATUS, ALUNO_ID) VALUES (37, 2073.86, TO_DATE('2025-07-21', 'YYYY-MM-DD'), 'PENDENTE', 37);
INSERT INTO escola.PAGAMENTO (ID_PAGAMENTO, VALOR, DATA_PAGAMENTO, STATUS, ALUNO_ID) VALUES (38, 1552.12, TO_DATE('2025-02-01', 'YYYY-MM-DD'), 'PENDENTE', 38);
INSERT INTO escola.PAGAMENTO (ID_PAGAMENTO, VALOR, DATA_PAGAMENTO, STATUS, ALUNO_ID) VALUES (39, 1906.57, TO_DATE('2025-09-13', 'YYYY-MM-DD'), 'PAGO', 39);
INSERT INTO escola.PAGAMENTO (ID_PAGAMENTO, VALOR, DATA_PAGAMENTO, STATUS, ALUNO_ID) VALUES (40, 1698.66, TO_DATE('2025-02-24', 'YYYY-MM-DD'), 'PAGO', 40);
INSERT INTO escola.PAGAMENTO (ID_PAGAMENTO, VALOR, DATA_PAGAMENTO, STATUS, ALUNO_ID) VALUES (41, 2051.79, TO_DATE('2025-11-07', 'YYYY-MM-DD'), 'PAGO', 41);
INSERT INTO escola.PAGAMENTO (ID_PAGAMENTO, VALOR, DATA_PAGAMENTO, STATUS, ALUNO_ID) VALUES (42, 2443.61, TO_DATE('2025-03-14', 'YYYY-MM-DD'), 'PAGO', 42);
INSERT INTO escola.PAGAMENTO (ID_PAGAMENTO, VALOR, DATA_PAGAMENTO, STATUS, ALUNO_ID) VALUES (43, 1348.29, TO_DATE('2025-03-12', 'YYYY-MM-DD'), 'PENDENTE', 43);
INSERT INTO escola.PAGAMENTO (ID_PAGAMENTO, VALOR, DATA_PAGAMENTO, STATUS, ALUNO_ID) VALUES (44, 1964.09, TO_DATE('2025-09-26', 'YYYY-MM-DD'), 'PENDENTE', 44);
INSERT INTO escola.PAGAMENTO (ID_PAGAMENTO, VALOR, DATA_PAGAMENTO, STATUS, ALUNO_ID) VALUES (45, 1739.86, TO_DATE('2025-08-04', 'YYYY-MM-DD'), 'PENDENTE', 45);
INSERT INTO escola.PAGAMENTO (ID_PAGAMENTO, VALOR, DATA_PAGAMENTO, STATUS, ALUNO_ID) VALUES (46, 1658.89, TO_DATE('2025-01-07', 'YYYY-MM-DD'), 'PENDENTE', 46);
INSERT INTO escola.PAGAMENTO (ID_PAGAMENTO, VALOR, DATA_PAGAMENTO, STATUS, ALUNO_ID) VALUES (47, 1685.43, TO_DATE('2025-03-03', 'YYYY-MM-DD'), 'PAGO', 47);
INSERT INTO escola.PAGAMENTO (ID_PAGAMENTO, VALOR, DATA_PAGAMENTO, STATUS, ALUNO_ID) VALUES (48, 2083.23, TO_DATE('2025-09-15', 'YYYY-MM-DD'), 'PAGO', 48);
INSERT INTO escola.PAGAMENTO (ID_PAGAMENTO, VALOR, DATA_PAGAMENTO, STATUS, ALUNO_ID) VALUES (49, 1653.46, TO_DATE('2025-01-26', 'YYYY-MM-DD'), 'PAGO', 49);
INSERT INTO escola.PAGAMENTO (ID_PAGAMENTO, VALOR, DATA_PAGAMENTO, STATUS, ALUNO_ID) VALUES (50, 2242.67, TO_DATE('2025-01-09', 'YYYY-MM-DD'), 'PAGO', 50);
INSERT INTO escola.PAGAMENTO (ID_PAGAMENTO, VALOR, DATA_PAGAMENTO, STATUS, ALUNO_ID) VALUES (51, 1820.09, TO_DATE('2025-06-25', 'YYYY-MM-DD'), 'PAGO', 51);
INSERT INTO escola.PAGAMENTO (ID_PAGAMENTO, VALOR, DATA_PAGAMENTO, STATUS, ALUNO_ID) VALUES (52, 2146.1, TO_DATE('2025-06-07', 'YYYY-MM-DD'), 'PENDENTE', 52);
INSERT INTO escola.PAGAMENTO (ID_PAGAMENTO, VALOR, DATA_PAGAMENTO, STATUS, ALUNO_ID) VALUES (53, 1041.52, TO_DATE('2025-03-27', 'YYYY-MM-DD'), 'PENDENTE', 53);
INSERT INTO escola.PAGAMENTO (ID_PAGAMENTO, VALOR, DATA_PAGAMENTO, STATUS, ALUNO_ID) VALUES (54, 1057.03, TO_DATE('2025-09-09', 'YYYY-MM-DD'), 'PAGO', 54);
INSERT INTO escola.PAGAMENTO (ID_PAGAMENTO, VALOR, DATA_PAGAMENTO, STATUS, ALUNO_ID) VALUES (55, 2405.63, TO_DATE('2025-01-17', 'YYYY-MM-DD'), 'PAGO', 55);
INSERT INTO escola.PAGAMENTO (ID_PAGAMENTO, VALOR, DATA_PAGAMENTO, STATUS, ALUNO_ID) VALUES (56, 1748.96, TO_DATE('2025-07-20', 'YYYY-MM-DD'), 'PAGO', 56);
INSERT INTO escola.PAGAMENTO (ID_PAGAMENTO, VALOR, DATA_PAGAMENTO, STATUS, ALUNO_ID) VALUES (57, 2409.66, TO_DATE('2025-11-19', 'YYYY-MM-DD'), 'PENDENTE', 57);
INSERT INTO escola.PAGAMENTO (ID_PAGAMENTO, VALOR, DATA_PAGAMENTO, STATUS, ALUNO_ID) VALUES (58, 1958.83, TO_DATE('2025-09-16', 'YYYY-MM-DD'), 'PAGO', 58);
INSERT INTO escola.PAGAMENTO (ID_PAGAMENTO, VALOR, DATA_PAGAMENTO, STATUS, ALUNO_ID) VALUES (59, 1224.18, TO_DATE('2025-11-04', 'YYYY-MM-DD'), 'PENDENTE', 59);
INSERT INTO escola.PAGAMENTO (ID_PAGAMENTO, VALOR, DATA_PAGAMENTO, STATUS, ALUNO_ID) VALUES (60, 1470.14, TO_DATE('2025-10-15', 'YYYY-MM-DD'), 'PAGO', 60);
INSERT INTO escola.PAGAMENTO (ID_PAGAMENTO, VALOR, DATA_PAGAMENTO, STATUS, ALUNO_ID) VALUES (61, 2374.88, TO_DATE('2025-03-11', 'YYYY-MM-DD'), 'PAGO', 61);
INSERT INTO escola.PAGAMENTO (ID_PAGAMENTO, VALOR, DATA_PAGAMENTO, STATUS, ALUNO_ID) VALUES (62, 1951.66, TO_DATE('2025-04-25', 'YYYY-MM-DD'), 'PENDENTE', 62);
INSERT INTO escola.PAGAMENTO (ID_PAGAMENTO, VALOR, DATA_PAGAMENTO, STATUS, ALUNO_ID) VALUES (63, 2292.49, TO_DATE('2025-04-08', 'YYYY-MM-DD'), 'PAGO', 63);
INSERT INTO escola.PAGAMENTO (ID_PAGAMENTO, VALOR, DATA_PAGAMENTO, STATUS, ALUNO_ID) VALUES (64, 1977.19, TO_DATE('2025-09-05', 'YYYY-MM-DD'), 'PAGO', 64);
INSERT INTO escola.PAGAMENTO (ID_PAGAMENTO, VALOR, DATA_PAGAMENTO, STATUS, ALUNO_ID) VALUES (65, 2039.7, TO_DATE('2025-10-04', 'YYYY-MM-DD'), 'PENDENTE', 65);
INSERT INTO escola.PAGAMENTO (ID_PAGAMENTO, VALOR, DATA_PAGAMENTO, STATUS, ALUNO_ID) VALUES (66, 2378.86, TO_DATE('2025-09-18', 'YYYY-MM-DD'), 'PAGO', 66);
INSERT INTO escola.PAGAMENTO (ID_PAGAMENTO, VALOR, DATA_PAGAMENTO, STATUS, ALUNO_ID) VALUES (67, 1308.39, TO_DATE('2025-07-01', 'YYYY-MM-DD'), 'PAGO', 67);
INSERT INTO escola.PAGAMENTO (ID_PAGAMENTO, VALOR, DATA_PAGAMENTO, STATUS, ALUNO_ID) VALUES (68, 1396.69, TO_DATE('2025-05-08', 'YYYY-MM-DD'), 'PENDENTE', 68);
INSERT INTO escola.PAGAMENTO (ID_PAGAMENTO, VALOR, DATA_PAGAMENTO, STATUS, ALUNO_ID) VALUES (69, 1374.57, TO_DATE('2025-07-27', 'YYYY-MM-DD'), 'PENDENTE', 69);
INSERT INTO escola.PAGAMENTO (ID_PAGAMENTO, VALOR, DATA_PAGAMENTO, STATUS, ALUNO_ID) VALUES (70, 1585.21, TO_DATE('2025-12-01', 'YYYY-MM-DD'), 'PAGO', 70);
INSERT INTO escola.PAGAMENTO (ID_PAGAMENTO, VALOR, DATA_PAGAMENTO, STATUS, ALUNO_ID) VALUES (71, 1884.24, TO_DATE('2025-09-10', 'YYYY-MM-DD'), 'PENDENTE', 71);
INSERT INTO escola.PAGAMENTO (ID_PAGAMENTO, VALOR, DATA_PAGAMENTO, STATUS, ALUNO_ID) VALUES (72, 2031.87, TO_DATE('2025-11-27', 'YYYY-MM-DD'), 'PENDENTE', 72);
INSERT INTO escola.PAGAMENTO (ID_PAGAMENTO, VALOR, DATA_PAGAMENTO, STATUS, ALUNO_ID) VALUES (73, 2341.82, TO_DATE('2025-03-24', 'YYYY-MM-DD'), 'PAGO', 73);
INSERT INTO escola.PAGAMENTO (ID_PAGAMENTO, VALOR, DATA_PAGAMENTO, STATUS, ALUNO_ID) VALUES (74, 1640.73, TO_DATE('2025-08-06', 'YYYY-MM-DD'), 'PAGO', 74);
INSERT INTO escola.PAGAMENTO (ID_PAGAMENTO, VALOR, DATA_PAGAMENTO, STATUS, ALUNO_ID) VALUES (75, 1377.36, TO_DATE('2025-12-22', 'YYYY-MM-DD'), 'PENDENTE', 75);
INSERT INTO escola.PAGAMENTO (ID_PAGAMENTO, VALOR, DATA_PAGAMENTO, STATUS, ALUNO_ID) VALUES (76, 2185.75, TO_DATE('2025-03-21', 'YYYY-MM-DD'), 'PAGO', 76);
INSERT INTO escola.PAGAMENTO (ID_PAGAMENTO, VALOR, DATA_PAGAMENTO, STATUS, ALUNO_ID) VALUES (77, 1722.74, TO_DATE('2025-09-08', 'YYYY-MM-DD'), 'PAGO', 77);
INSERT INTO escola.PAGAMENTO (ID_PAGAMENTO, VALOR, DATA_PAGAMENTO, STATUS, ALUNO_ID) VALUES (78, 1946.65, TO_DATE('2025-11-16', 'YYYY-MM-DD'), 'PAGO', 78);
INSERT INTO escola.PAGAMENTO (ID_PAGAMENTO, VALOR, DATA_PAGAMENTO, STATUS, ALUNO_ID) VALUES (79, 1159.88, TO_DATE('2025-06-04', 'YYYY-MM-DD'), 'PENDENTE', 79);
INSERT INTO escola.PAGAMENTO (ID_PAGAMENTO, VALOR, DATA_PAGAMENTO, STATUS, ALUNO_ID) VALUES (80, 2065.32, TO_DATE('2025-09-02', 'YYYY-MM-DD'), 'PAGO', 80);
INSERT INTO escola.PAGAMENTO (ID_PAGAMENTO, VALOR, DATA_PAGAMENTO, STATUS, ALUNO_ID) VALUES (81, 2349.66, TO_DATE('2025-09-12', 'YYYY-MM-DD'), 'PAGO', 81);
INSERT INTO escola.PAGAMENTO (ID_PAGAMENTO, VALOR, DATA_PAGAMENTO, STATUS, ALUNO_ID) VALUES (82, 2025.53, TO_DATE('2025-07-24', 'YYYY-MM-DD'), 'PAGO', 82);
INSERT INTO escola.PAGAMENTO (ID_PAGAMENTO, VALOR, DATA_PAGAMENTO, STATUS, ALUNO_ID) VALUES (83, 1246.0, TO_DATE('2025-12-24', 'YYYY-MM-DD'), 'PENDENTE', 83);
INSERT INTO escola.PAGAMENTO (ID_PAGAMENTO, VALOR, DATA_PAGAMENTO, STATUS, ALUNO_ID) VALUES (84, 2107.08, TO_DATE('2025-07-09', 'YYYY-MM-DD'), 'PAGO', 84);
INSERT INTO escola.PAGAMENTO (ID_PAGAMENTO, VALOR, DATA_PAGAMENTO, STATUS, ALUNO_ID) VALUES (85, 1853.69, TO_DATE('2025-04-01', 'YYYY-MM-DD'), 'PAGO', 85);
INSERT INTO escola.PAGAMENTO (ID_PAGAMENTO, VALOR, DATA_PAGAMENTO, STATUS, ALUNO_ID) VALUES (86, 2338.21, TO_DATE('2025-08-28', 'YYYY-MM-DD'), 'PENDENTE', 86);
INSERT INTO escola.PAGAMENTO (ID_PAGAMENTO, VALOR, DATA_PAGAMENTO, STATUS, ALUNO_ID) VALUES (87, 1226.19, TO_DATE('2025-12-09', 'YYYY-MM-DD'), 'PAGO', 87);
INSERT INTO escola.PAGAMENTO (ID_PAGAMENTO, VALOR, DATA_PAGAMENTO, STATUS, ALUNO_ID) VALUES (88, 1390.6, TO_DATE('2025-03-09', 'YYYY-MM-DD'), 'PENDENTE', 88);
INSERT INTO escola.PAGAMENTO (ID_PAGAMENTO, VALOR, DATA_PAGAMENTO, STATUS, ALUNO_ID) VALUES (89, 1365.96, TO_DATE('2025-05-17', 'YYYY-MM-DD'), 'PENDENTE', 89);
INSERT INTO escola.PAGAMENTO (ID_PAGAMENTO, VALOR, DATA_PAGAMENTO, STATUS, ALUNO_ID) VALUES (90, 1852.44, TO_DATE('2025-10-26', 'YYYY-MM-DD'), 'PENDENTE', 90);
INSERT INTO escola.PAGAMENTO (ID_PAGAMENTO, VALOR, DATA_PAGAMENTO, STATUS, ALUNO_ID) VALUES (91, 1884.84, TO_DATE('2025-01-24', 'YYYY-MM-DD'), 'PENDENTE', 91);
INSERT INTO escola.PAGAMENTO (ID_PAGAMENTO, VALOR, DATA_PAGAMENTO, STATUS, ALUNO_ID) VALUES (92, 1629.89, TO_DATE('2025-07-06', 'YYYY-MM-DD'), 'PENDENTE', 92);
INSERT INTO escola.PAGAMENTO (ID_PAGAMENTO, VALOR, DATA_PAGAMENTO, STATUS, ALUNO_ID) VALUES (93, 1645.18, TO_DATE('2025-05-08', 'YYYY-MM-DD'), 'PENDENTE', 93);
INSERT INTO escola.PAGAMENTO (ID_PAGAMENTO, VALOR, DATA_PAGAMENTO, STATUS, ALUNO_ID) VALUES (94, 2447.61, TO_DATE('2025-05-22', 'YYYY-MM-DD'), 'PENDENTE', 94);
INSERT INTO escola.PAGAMENTO (ID_PAGAMENTO, VALOR, DATA_PAGAMENTO, STATUS, ALUNO_ID) VALUES (95, 1986.76, TO_DATE('2025-04-10', 'YYYY-MM-DD'), 'PENDENTE', 95);
INSERT INTO escola.PAGAMENTO (ID_PAGAMENTO, VALOR, DATA_PAGAMENTO, STATUS, ALUNO_ID) VALUES (96, 1841.71, TO_DATE('2025-12-01', 'YYYY-MM-DD'), 'PAGO', 96);
INSERT INTO escola.PAGAMENTO (ID_PAGAMENTO, VALOR, DATA_PAGAMENTO, STATUS, ALUNO_ID) VALUES (97, 2051.62, TO_DATE('2025-07-25', 'YYYY-MM-DD'), 'PAGO', 97);
INSERT INTO escola.PAGAMENTO (ID_PAGAMENTO, VALOR, DATA_PAGAMENTO, STATUS, ALUNO_ID) VALUES (98, 2063.79, TO_DATE('2025-02-04', 'YYYY-MM-DD'), 'PENDENTE', 98);
INSERT INTO escola.PAGAMENTO (ID_PAGAMENTO, VALOR, DATA_PAGAMENTO, STATUS, ALUNO_ID) VALUES (99, 1820.03, TO_DATE('2025-04-08', 'YYYY-MM-DD'), 'PENDENTE', 99);
INSERT INTO escola.PAGAMENTO (ID_PAGAMENTO, VALOR, DATA_PAGAMENTO, STATUS, ALUNO_ID) VALUES (100, 1810.91, TO_DATE('2025-08-01', 'YYYY-MM-DD'), 'PENDENTE', 100);
INSERT INTO escola.PAGAMENTO (ID_PAGAMENTO, VALOR, DATA_PAGAMENTO, STATUS, ALUNO_ID) VALUES (101, 1989.3, TO_DATE('2025-11-17', 'YYYY-MM-DD'), 'PENDENTE', 101);
INSERT INTO escola.PAGAMENTO (ID_PAGAMENTO, VALOR, DATA_PAGAMENTO, STATUS, ALUNO_ID) VALUES (102, 2166.62, TO_DATE('2025-09-16', 'YYYY-MM-DD'), 'PENDENTE', 102);
INSERT INTO escola.PAGAMENTO (ID_PAGAMENTO, VALOR, DATA_PAGAMENTO, STATUS, ALUNO_ID) VALUES (103, 2474.29, TO_DATE('2025-12-08', 'YYYY-MM-DD'), 'PENDENTE', 103);
INSERT INTO escola.PAGAMENTO (ID_PAGAMENTO, VALOR, DATA_PAGAMENTO, STATUS, ALUNO_ID) VALUES (104, 1918.72, TO_DATE('2025-01-09', 'YYYY-MM-DD'), 'PAGO', 104);
INSERT INTO escola.PAGAMENTO (ID_PAGAMENTO, VALOR, DATA_PAGAMENTO, STATUS, ALUNO_ID) VALUES (105, 1542.45, TO_DATE('2025-07-21', 'YYYY-MM-DD'), 'PENDENTE', 105);
INSERT INTO escola.PAGAMENTO (ID_PAGAMENTO, VALOR, DATA_PAGAMENTO, STATUS, ALUNO_ID) VALUES (106, 1473.5, TO_DATE('2025-08-08', 'YYYY-MM-DD'), 'PAGO', 106);
INSERT INTO escola.PAGAMENTO (ID_PAGAMENTO, VALOR, DATA_PAGAMENTO, STATUS, ALUNO_ID) VALUES (107, 2376.99, TO_DATE('2025-11-15', 'YYYY-MM-DD'), 'PENDENTE', 107);
INSERT INTO escola.PAGAMENTO (ID_PAGAMENTO, VALOR, DATA_PAGAMENTO, STATUS, ALUNO_ID) VALUES (108, 1142.21, TO_DATE('2025-11-09', 'YYYY-MM-DD'), 'PAGO', 108);
INSERT INTO escola.PAGAMENTO (ID_PAGAMENTO, VALOR, DATA_PAGAMENTO, STATUS, ALUNO_ID) VALUES (109, 1758.02, TO_DATE('2025-02-18', 'YYYY-MM-DD'), 'PAGO', 109);
INSERT INTO escola.PAGAMENTO (ID_PAGAMENTO, VALOR, DATA_PAGAMENTO, STATUS, ALUNO_ID) VALUES (110, 1531.43, TO_DATE('2025-09-14', 'YYYY-MM-DD'), 'PENDENTE', 110);
INSERT INTO escola.PAGAMENTO (ID_PAGAMENTO, VALOR, DATA_PAGAMENTO, STATUS, ALUNO_ID) VALUES (111, 1610.58, TO_DATE('2025-05-12', 'YYYY-MM-DD'), 'PAGO', 111);
INSERT INTO escola.PAGAMENTO (ID_PAGAMENTO, VALOR, DATA_PAGAMENTO, STATUS, ALUNO_ID) VALUES (112, 2387.71, TO_DATE('2025-06-04', 'YYYY-MM-DD'), 'PENDENTE', 112);
INSERT INTO escola.PAGAMENTO (ID_PAGAMENTO, VALOR, DATA_PAGAMENTO, STATUS, ALUNO_ID) VALUES (113, 1222.46, TO_DATE('2025-01-20', 'YYYY-MM-DD'), 'PAGO', 113);
INSERT INTO escola.PAGAMENTO (ID_PAGAMENTO, VALOR, DATA_PAGAMENTO, STATUS, ALUNO_ID) VALUES (114, 2411.63, TO_DATE('2025-03-20', 'YYYY-MM-DD'), 'PENDENTE', 114);
INSERT INTO escola.PAGAMENTO (ID_PAGAMENTO, VALOR, DATA_PAGAMENTO, STATUS, ALUNO_ID) VALUES (115, 2275.78, TO_DATE('2025-12-01', 'YYYY-MM-DD'), 'PENDENTE', 115);
INSERT INTO escola.PAGAMENTO (ID_PAGAMENTO, VALOR, DATA_PAGAMENTO, STATUS, ALUNO_ID) VALUES (116, 1616.7, TO_DATE('2025-12-07', 'YYYY-MM-DD'), 'PENDENTE', 116);
INSERT INTO escola.PAGAMENTO (ID_PAGAMENTO, VALOR, DATA_PAGAMENTO, STATUS, ALUNO_ID) VALUES (117, 1344.35, TO_DATE('2025-12-24', 'YYYY-MM-DD'), 'PAGO', 117);
INSERT INTO escola.PAGAMENTO (ID_PAGAMENTO, VALOR, DATA_PAGAMENTO, STATUS, ALUNO_ID) VALUES (118, 1178.0, TO_DATE('2025-01-03', 'YYYY-MM-DD'), 'PENDENTE', 118);
INSERT INTO escola.PAGAMENTO (ID_PAGAMENTO, VALOR, DATA_PAGAMENTO, STATUS, ALUNO_ID) VALUES (119, 1968.71, TO_DATE('2025-03-21', 'YYYY-MM-DD'), 'PENDENTE', 119);
INSERT INTO escola.PAGAMENTO (ID_PAGAMENTO, VALOR, DATA_PAGAMENTO, STATUS, ALUNO_ID) VALUES (120, 2091.09, TO_DATE('2025-06-16', 'YYYY-MM-DD'), 'PENDENTE', 120);
INSERT INTO escola.PAGAMENTO (ID_PAGAMENTO, VALOR, DATA_PAGAMENTO, STATUS, ALUNO_ID) VALUES (121, 1794.4, TO_DATE('2025-08-02', 'YYYY-MM-DD'), 'PAGO', 121);
INSERT INTO escola.PAGAMENTO (ID_PAGAMENTO, VALOR, DATA_PAGAMENTO, STATUS, ALUNO_ID) VALUES (122, 1440.68, TO_DATE('2025-11-24', 'YYYY-MM-DD'), 'PENDENTE', 122);
INSERT INTO escola.PAGAMENTO (ID_PAGAMENTO, VALOR, DATA_PAGAMENTO, STATUS, ALUNO_ID) VALUES (123, 1480.7, TO_DATE('2025-09-02', 'YYYY-MM-DD'), 'PENDENTE', 123);
INSERT INTO escola.PAGAMENTO (ID_PAGAMENTO, VALOR, DATA_PAGAMENTO, STATUS, ALUNO_ID) VALUES (124, 1183.1, TO_DATE('2025-02-01', 'YYYY-MM-DD'), 'PENDENTE', 124);
INSERT INTO escola.PAGAMENTO (ID_PAGAMENTO, VALOR, DATA_PAGAMENTO, STATUS, ALUNO_ID) VALUES (125, 2032.52, TO_DATE('2025-07-25', 'YYYY-MM-DD'), 'PAGO', 125);
INSERT INTO escola.PAGAMENTO (ID_PAGAMENTO, VALOR, DATA_PAGAMENTO, STATUS, ALUNO_ID) VALUES (126, 2113.84, TO_DATE('2025-11-02', 'YYYY-MM-DD'), 'PENDENTE', 126);
INSERT INTO escola.PAGAMENTO (ID_PAGAMENTO, VALOR, DATA_PAGAMENTO, STATUS, ALUNO_ID) VALUES (127, 2043.12, TO_DATE('2025-08-23', 'YYYY-MM-DD'), 'PAGO', 127);
INSERT INTO escola.PAGAMENTO (ID_PAGAMENTO, VALOR, DATA_PAGAMENTO, STATUS, ALUNO_ID) VALUES (128, 1072.11, TO_DATE('2025-10-28', 'YYYY-MM-DD'), 'PAGO', 128);
INSERT INTO escola.PAGAMENTO (ID_PAGAMENTO, VALOR, DATA_PAGAMENTO, STATUS, ALUNO_ID) VALUES (129, 2448.53, TO_DATE('2025-08-01', 'YYYY-MM-DD'), 'PAGO', 129);
INSERT INTO escola.PAGAMENTO (ID_PAGAMENTO, VALOR, DATA_PAGAMENTO, STATUS, ALUNO_ID) VALUES (130, 1338.31, TO_DATE('2025-08-01', 'YYYY-MM-DD'), 'PAGO', 130);
INSERT INTO escola.PAGAMENTO (ID_PAGAMENTO, VALOR, DATA_PAGAMENTO, STATUS, ALUNO_ID) VALUES (131, 2346.17, TO_DATE('2025-10-16', 'YYYY-MM-DD'), 'PENDENTE', 131);
INSERT INTO escola.PAGAMENTO (ID_PAGAMENTO, VALOR, DATA_PAGAMENTO, STATUS, ALUNO_ID) VALUES (132, 1388.73, TO_DATE('2025-01-05', 'YYYY-MM-DD'), 'PAGO', 132);
INSERT INTO escola.PAGAMENTO (ID_PAGAMENTO, VALOR, DATA_PAGAMENTO, STATUS, ALUNO_ID) VALUES (133, 2274.25, TO_DATE('2025-11-10', 'YYYY-MM-DD'), 'PENDENTE', 133);
INSERT INTO escola.PAGAMENTO (ID_PAGAMENTO, VALOR, DATA_PAGAMENTO, STATUS, ALUNO_ID) VALUES (134, 1848.11, TO_DATE('2025-03-27', 'YYYY-MM-DD'), 'PENDENTE', 134);
INSERT INTO escola.PAGAMENTO (ID_PAGAMENTO, VALOR, DATA_PAGAMENTO, STATUS, ALUNO_ID) VALUES (135, 1724.87, TO_DATE('2025-10-18', 'YYYY-MM-DD'), 'PENDENTE', 135);
INSERT INTO escola.PAGAMENTO (ID_PAGAMENTO, VALOR, DATA_PAGAMENTO, STATUS, ALUNO_ID) VALUES (136, 2006.61, TO_DATE('2025-10-18', 'YYYY-MM-DD'), 'PAGO', 136);
INSERT INTO escola.PAGAMENTO (ID_PAGAMENTO, VALOR, DATA_PAGAMENTO, STATUS, ALUNO_ID) VALUES (137, 1048.2, TO_DATE('2025-07-04', 'YYYY-MM-DD'), 'PAGO', 137);
INSERT INTO escola.PAGAMENTO (ID_PAGAMENTO, VALOR, DATA_PAGAMENTO, STATUS, ALUNO_ID) VALUES (138, 1925.55, TO_DATE('2025-07-27', 'YYYY-MM-DD'), 'PENDENTE', 138);
INSERT INTO escola.PAGAMENTO (ID_PAGAMENTO, VALOR, DATA_PAGAMENTO, STATUS, ALUNO_ID) VALUES (139, 2087.03, TO_DATE('2025-01-06', 'YYYY-MM-DD'), 'PENDENTE', 139);
INSERT INTO escola.PAGAMENTO (ID_PAGAMENTO, VALOR, DATA_PAGAMENTO, STATUS, ALUNO_ID) VALUES (140, 2128.77, TO_DATE('2025-04-08', 'YYYY-MM-DD'), 'PAGO', 140);
INSERT INTO escola.PAGAMENTO (ID_PAGAMENTO, VALOR, DATA_PAGAMENTO, STATUS, ALUNO_ID) VALUES (141, 2087.93, TO_DATE('2025-02-20', 'YYYY-MM-DD'), 'PENDENTE', 141);
INSERT INTO escola.PAGAMENTO (ID_PAGAMENTO, VALOR, DATA_PAGAMENTO, STATUS, ALUNO_ID) VALUES (142, 1602.94, TO_DATE('2025-12-02', 'YYYY-MM-DD'), 'PAGO', 142);
INSERT INTO escola.PAGAMENTO (ID_PAGAMENTO, VALOR, DATA_PAGAMENTO, STATUS, ALUNO_ID) VALUES (143, 1479.25, TO_DATE('2025-05-19', 'YYYY-MM-DD'), 'PENDENTE', 143);
INSERT INTO escola.PAGAMENTO (ID_PAGAMENTO, VALOR, DATA_PAGAMENTO, STATUS, ALUNO_ID) VALUES (144, 1389.92, TO_DATE('2025-01-17', 'YYYY-MM-DD'), 'PENDENTE', 144);
INSERT INTO escola.PAGAMENTO (ID_PAGAMENTO, VALOR, DATA_PAGAMENTO, STATUS, ALUNO_ID) VALUES (145, 1354.08, TO_DATE('2025-12-11', 'YYYY-MM-DD'), 'PAGO', 145);
INSERT INTO escola.PAGAMENTO (ID_PAGAMENTO, VALOR, DATA_PAGAMENTO, STATUS, ALUNO_ID) VALUES (146, 1555.67, TO_DATE('2025-10-23', 'YYYY-MM-DD'), 'PAGO', 146);
INSERT INTO escola.PAGAMENTO (ID_PAGAMENTO, VALOR, DATA_PAGAMENTO, STATUS, ALUNO_ID) VALUES (147, 1534.77, TO_DATE('2025-12-24', 'YYYY-MM-DD'), 'PENDENTE', 147);
INSERT INTO escola.PAGAMENTO (ID_PAGAMENTO, VALOR, DATA_PAGAMENTO, STATUS, ALUNO_ID) VALUES (148, 2481.56, TO_DATE('2025-07-01', 'YYYY-MM-DD'), 'PENDENTE', 148);
INSERT INTO escola.PAGAMENTO (ID_PAGAMENTO, VALOR, DATA_PAGAMENTO, STATUS, ALUNO_ID) VALUES (149, 1970.01, TO_DATE('2025-06-04', 'YYYY-MM-DD'), 'PENDENTE', 149);
INSERT INTO escola.PAGAMENTO (ID_PAGAMENTO, VALOR, DATA_PAGAMENTO, STATUS, ALUNO_ID) VALUES (150, 1285.03, TO_DATE('2025-02-28', 'YYYY-MM-DD'), 'PAGO', 150);
INSERT INTO escola.PROFESSOR (ID_PROFESSOR, NOME) VALUES (1, 'Dr. Pedro Costa');
INSERT INTO escola.PROFESSOR (ID_PROFESSOR, NOME) VALUES (2, 'Profa. Mariana Souza');
INSERT INTO escola.PROFESSOR (ID_PROFESSOR, NOME) VALUES (3, 'Dr. Rafael Lima');
INSERT INTO escola.PROFESSOR (ID_PROFESSOR, NOME) VALUES (4, 'Profa. Carolina Alves');
INSERT INTO escola.PROFESSOR (ID_PROFESSOR, NOME) VALUES (5, 'Dr. Fabio Ribeiro');
INSERT INTO escola.CURSO (ID_CURSO, NOME) VALUES (1, 'Engenharia de Software');
INSERT INTO escola.CURSO (ID_CURSO, NOME) VALUES (2, 'Medicina');
INSERT INTO escola.CURSO (ID_CURSO, NOME) VALUES (3, 'Arquitetura');
INSERT INTO escola.CURSO (ID_CURSO, NOME) VALUES (4, 'Direito');
INSERT INTO escola.CURSO (ID_CURSO, NOME) VALUES (5, 'Psicologia');
INSERT INTO escola.DISCIPLINA (ID_DISCIPLINA, NOME, PROFESSOR_ID) VALUES (1, 'Algoritmos', 1);
INSERT INTO escola.DISCIPLINA (ID_DISCIPLINA, NOME, PROFESSOR_ID) VALUES (2, 'Estruturas de Dados', 2);
INSERT INTO escola.DISCIPLINA (ID_DISCIPLINA, NOME, PROFESSOR_ID) VALUES (3, 'Cálculo 1', 3);
INSERT INTO escola.DISCIPLINA (ID_DISCIPLINA, NOME, PROFESSOR_ID) VALUES (4, 'Química Orgânica', 4);
INSERT INTO escola.DISCIPLINA (ID_DISCIPLINA, NOME, PROFESSOR_ID) VALUES (5, 'Psicologia Geral', 5);
INSERT INTO escola.TURMA (ID_TURMA, NOME_TURMA, ANO, CURSO_ID) VALUES (1, 'Turma A', 2025, 1);
INSERT INTO escola.TURMA (ID_TURMA, NOME_TURMA, ANO, CURSO_ID) VALUES (2, 'Turma B', 2025, 2);
INSERT INTO escola.TURMA (ID_TURMA, NOME_TURMA, ANO, CURSO_ID) VALUES (3, 'Turma C', 2025, 3);
INSERT INTO escola.TURMA (ID_TURMA, NOME_TURMA, ANO, CURSO_ID) VALUES (4, 'Turma D', 2025, 4);
INSERT INTO escola.TURMA (ID_TURMA, NOME_TURMA, ANO, CURSO_ID) VALUES (5, 'Turma E', 2025, 5);