ALTER TABLE curso
DROP COLUMN matricula_id;

ALTER TABLE matricula
ADD curso_id NUMBER;


COMMIT;

INSERT INTO escola.CURSO (ID_CURSO, NOME) VALUES (1, 'Engenharia de Software');
INSERT INTO escola.CURSO (ID_CURSO, NOME) VALUES (2, 'Medicina');
INSERT INTO escola.CURSO (ID_CURSO, NOME) VALUES (3, 'Arquitetura');
INSERT INTO escola.CURSO (ID_CURSO, NOME) VALUES (4, 'Direito');
INSERT INTO escola.CURSO (ID_CURSO, NOME) VALUES (5, 'Psicologia');

INSERT INTO escola.TURMA (ID_TURMA, NOME_TURMA, ANO, CURSO_ID) VALUES (1, 'Turma A', 2025, 1);
INSERT INTO escola.TURMA (ID_TURMA, NOME_TURMA, ANO, CURSO_ID) VALUES (2, 'Turma B', 2025, 2);
INSERT INTO escola.TURMA (ID_TURMA, NOME_TURMA, ANO, CURSO_ID) VALUES (3, 'Turma C', 2025, 3);
INSERT INTO escola.TURMA (ID_TURMA, NOME_TURMA, ANO, CURSO_ID) VALUES (4, 'Turma D', 2025, 4);
INSERT INTO escola.TURMA (ID_TURMA, NOME_TURMA, ANO, CURSO_ID) VALUES (5, 'Turma E', 2025, 5);

-- Algoritmos
UPDATE DISCIPLINA SET CURSO_ID = 1 WHERE ID_DISCIPLINA = 1;

-- Estruturas de Dados
UPDATE DISCIPLINA SET CURSO_ID = 1 WHERE ID_DISCIPLINA = 2;

-- Cálculo 1
UPDATE DISCIPLINA SET CURSO_ID = 1 WHERE ID_DISCIPLINA = 3;

-- Química Orgânica
UPDATE DISCIPLINA SET CURSO_ID = 2 WHERE ID_DISCIPLINA = 4;

-- Psicologia Geral
UPDATE DISCIPLINA SET CURSO_ID = 5 WHERE ID_DISCIPLINA = 5;

///Adicionando a coluna CURSO_ID///
ALTER TABLE DISCIPLINA
ADD CURSO_ID NUMBER;

///Criando a FK///
ALTER TABLE DISCIPLINA
ADD CONSTRAINT FK_DISCIPLINA_CURSO
FOREIGN KEY (CURSO_ID)
REFERENCES CURSO(ID_CURSO);

INSERT INTO DISCIPLINA (ID_DISCIPLINA, NOME, CURSO_ID) VALUES (6, 'Desenho Técnico', 3);
INSERT INTO DISCIPLINA (ID_DISCIPLINA, NOME, CURSO_ID) VALUES (7, 'Materiais de Construção', 3);
INSERT INTO DISCIPLINA (ID_DISCIPLINA, NOME, CURSO_ID) VALUES (8, 'História da Arquitetura', 3);

INSERT INTO DISCIPLINA (ID_DISCIPLINA, NOME, CURSO_ID) VALUES (9, 'Introdução ao Direito', 4);
INSERT INTO DISCIPLINA (ID_DISCIPLINA, NOME, CURSO_ID) VALUES (10, 'Direito Penal', 4);
INSERT INTO DISCIPLINA (ID_DISCIPLINA, NOME, CURSO_ID) VALUES (11, 'Direito Constitucional', 4);

INSERT INTO DISCIPLINA (ID_DISCIPLINA, NOME, CURSO_ID) VALUES (12, 'Teorias da Personalidade', 5);

INSERT INTO PROFESSOR (ID_PROFESSOR, NOME) VALUES (6, 'Ana Lúcia Menezes');
INSERT INTO PROFESSOR (ID_PROFESSOR, NOME) VALUES (7, 'Carlos Eduardo Amaral');

INSERT INTO PROFESSOR (ID_PROFESSOR, NOME) VALUES (8, 'Fernanda Souza Lima');
INSERT INTO PROFESSOR (ID_PROFESSOR, NOME) VALUES (9, 'João Vitor Mendes');

INSERT INTO PROFESSOR (ID_PROFESSOR, NOME) VALUES (10, 'Tatiane Rocha Silva');

UPDATE DISCIPLINA SET PROFESSOR_ID = 6 WHERE ID_DISCIPLINA = 6; 
UPDATE DISCIPLINA SET PROFESSOR_ID = 7 WHERE ID_DISCIPLINA = 7; 
UPDATE DISCIPLINA SET PROFESSOR_ID = 6 WHERE ID_DISCIPLINA = 8; 

UPDATE DISCIPLINA SET PROFESSOR_ID = 8 WHERE ID_DISCIPLINA = 9;   
UPDATE DISCIPLINA SET PROFESSOR_ID = 9 WHERE ID_DISCIPLINA = 10; 
UPDATE DISCIPLINA SET PROFESSOR_ID = 8 WHERE ID_DISCIPLINA = 11;  

UPDATE DISCIPLINA SET PROFESSOR_ID = 10 WHERE ID_DISCIPLINA = 12; 

COMMIT;

DESC ALUNO;
